affirmative_case_id,asylum_office,citizenship,race_or_ethnicity,case_outcome,completion_date,data_current_as_of
(b)(6),ZLA,MEXICO,OTHER,Admin Close/Dismissal,3/11/16,2021-05-28T05:04:16.000Z
(b)(6),ZLA,ROMANIA,OTHER,Admin Close/Dismissal,2/10/18,2021-05-28T05:04:37.000Z
(b)(6),ZLA,GUATEMALA,OTHER,Grant,11/20/15,2021-05-28T05:04:37.000Z
(b)(6),ZLA,SYRIA,OTHER,Admin Close/Dismissal,2/15/18,2021-05-28T05:04:22.000Z
(b)(6),ZLA,"CHINA, PEOPLE'S REPUBLIC OF",OTHER,Admin Close/Dismissal,3/28/16,2021-05-28T05:04:20.000Z
(b)(6),ZLA,"CHINA, PEOPLE'S REPUBLIC OF",CHINESE,Grant,12/23/15,2021-05-28T05:04:37.000Z
(b)(6),ZLA,IRAN,OTHER,Admin Close/Dismissal,6/30/17,2021-05-28T05:03:57.000Z
(b)(6),ZLA,"CHINA, PEOPLE'S REPUBLIC OF",OTHER,Admin Close/Dismissal,7/5/17,2021-05-28T05:03:57.000Z
(b)(6),ZLA,"CHINA, PEOPLE'S REPUBLIC OF",CHINESE,Grant,8/11/16,2021-05-28T05:04:37.000Z
(b)(6),ZLA,EL SALVADOR,OTHER,Admin Close/Dismissal,4/13/17,2021-05-28T05:04:38.000Z
(b)(6),ZLA,GUATEMALA,OTHER,Grant,3/13/17,2021-05-28T05:04:38.000Z
(b)(6),ZLA,"CHINA, PEOPLE'S REPUBLIC OF",CHINESE,Grant,11/3/17,2021-05-28T05:04:38.000Z
(b)(6),ZLA,HONDURAS,OTHER,Deny/Referral,6/9/17,2021-05-28T05:03:54.000Z
(b)(6),ZLA,EL SALVADOR,OTHER,Admin Close/Dismissal,10/2/17,2021-05-28T05:04:38.000Z
(b)(6),ZLA,RUSSIA,OTHER,Deny/Referral,12/26/17,2021-05-28T05:03:54.000Z
(b)(6),ZLA,UKRAINE,OTHER,Grant,12/27/17,2021-05-28T05:04:38.000Z
(b)(6),ZLA,EL SALVADOR,OTHER,Grant,3/3/16,2021-05-28T05:04:22.000Z
(b)(6),ZLA,GUATEMALA,OTHER,Grant,12/15/15,2021-05-28T05:04:38.000Z
(b)(6),ZLA,INDONESIA,CHINESE,Grant,7/9/18,2021-05-28T05:04:38.000Z
(b)(6),ZLA,"CHINA, PEOPLE'S REPUBLIC OF",OTHER,Admin Close/Dismissal,2/11/19,2021-05-28T05:04:30.000Z
(b)(6),ZLA,"CHINA, PEOPLE'S REPUBLIC OF",CHINESE,Deny/Referral,5/31/17,2021-05-28T05:03:54.000Z
(b)(6),ZLA,RUSSIA,ARMENIAN,Grant,5/3/18,2021-05-28T05:04:38.000Z
(b)(6),ZLA,"CHINA, PEOPLE'S REPUBLIC OF",OTHER,Admin Close/Dismissal,3/31/21,2021-05-28T05:04:08.000Z
(b)(6),ZLA,"CHINA, PEOPLE'S REPUBLIC OF",OTHER,Admin Close/Dismissal,2/1/17,2021-05-28T05:04:38.000Z
(b)(6),ZLA,"CHINA, PEOPLE'S REPUBLIC OF",OTHER,Admin Close/Dismissal,11/10/20,2021-05-28T05:04:45.000Z
(b)(6),ZLA,EL SALVADOR,OTHER,Grant,10/25/16,2021-05-28T05:04:38.000Z
(b)(6),ZLA,EL SALVADOR,OTHER,Grant,10/25/16,2021-05-28T05:04:38.000Z
(b)(6),ZLA,"CHINA, PEOPLE'S REPUBLIC OF",OTHER,Admin Close/Dismissal,1/12/16,2021-05-28T05:04:09.000Z
(b)(6),ZLA,"CHINA, PEOPLE'S REPUBLIC OF",OTHER,Grant,8/22/17,2021-05-28T05:04:38.000Z
(b)(6),ZLA,MEXICO,OTHER,Admin Close/Dismissal,7/24/17,2021-05-28T05:04:38.000Z
(b)(6),ZLA,RUSSIA,RUSSIAN,Grant,11/17/17,2021-05-28T05:04:38.000Z
(b)(6),ZLA,MEXICO,OTHER,Deny/Referral,3/3/16,2021-05-28T05:03:55.000Z
(b)(6),ZLA,MEXICO,OTHER,Deny/Referral,12/22/15,2021-05-28T05:03:55.000Z
(b)(6),ZLA,"CHINA, PEOPLE'S REPUBLIC OF",CHINESE,Deny/Referral,3/20/17,2021-05-28T05:03:55.000Z
(b)(6),ZLA,"CHINA, PEOPLE'S REPUBLIC OF",OTHER,Admin Close/Dismissal,5/17/19,2021-05-28T05:04:19.000Z
(b)(6),ZLA,MEXICO,OTHER,Deny/Referral,2/14/18,2021-05-28T05:03:55.000Z
(b)(6),ZLA,SYRIA,OTHER,Deny/Referral,1/11/21,2021-05-28T05:03:55.000Z
(b)(6),ZLA,EL SALVADOR,OTHER,Grant,11/30/16,2021-05-28T05:04:38.000Z
(b)(6),ZLA,RUSSIA,OTHER,Grant,5/16/17,2021-05-28T05:04:38.000Z
(b)(6),ZLA,RUSSIA,OTHER,Grant,5/16/17,2021-05-28T05:04:38.000Z
(b)(6),ZLA,"CHINA, PEOPLE'S REPUBLIC OF",OTHER,Admin Close/Dismissal,9/18/17,2021-05-28T05:04:24.000Z
(b)(6),ZLA,MEXICO,OTHER,Admin Close/Dismissal,9/12/17,2021-05-28T05:04:38.000Z
(b)(6),ZLA,EL SALVADOR,OTHER,Deny/Referral,12/5/17,2021-05-28T05:03:55.000Z
(b)(6),ZLA,MEXICO,OTHER,Deny/Referral,8/2/17,2021-05-28T05:03:55.000Z
(b)(6),ZLA,RUSSIA,OTHER,Grant,9/28/17,2021-05-28T05:04:38.000Z
(b)(6),ZLA,MEXICO,OTHER,Admin Close/Dismissal,10/11/17,2021-05-28T05:04:25.000Z
(b)(6),ZLA,"CHINA, PEOPLE'S REPUBLIC OF",OTHER,Grant,3/17/21,2021-05-28T05:03:55.000Z
(b)(6),ZLA,MEXICO,OTHER,Deny/Referral,10/18/17,2021-05-28T05:03:55.000Z
(b)(6),ZLA,MEXICO,OTHER,Deny/Referral,10/13/17,2021-05-28T05:03:55.000Z
(b)(6),ZLA,EL SALVADOR,OTHER,Deny/Referral,2/7/18,2021-05-28T05:03:55.000Z
(b)(6),ZLA,UKRAINE,OTHER,Admin Close/Dismissal,8/7/19,2021-05-28T05:04:38.000Z
(b)(6),ZLA,MEXICO,OTHER,Deny/Referral,11/3/17,2021-05-28T05:04:38.000Z
(b)(6),ZLA,MEXICO,OTHER,Deny/Referral,2/5/19,2021-05-28T05:03:55.000Z
(b)(6),ZLA,EL SALVADOR,OTHER,Deny/Referral,10/13/17,2021-05-28T05:03:55.000Z
(b)(6),ZLA,EL SALVADOR,OTHER,Deny/Referral,2/15/18,2021-05-28T05:03:55.000Z
(b)(6),ZLA,"CHINA, PEOPLE'S REPUBLIC OF",OTHER,Admin Close/Dismissal,4/18/18,2021-05-28T05:04:38.000Z
(b)(6),ZLA,MEXICO,OTHER,Admin Close/Dismissal,10/14/17,2021-05-28T05:04:09.000Z
(b)(6),ZLA,MEXICO,OTHER,Deny/Referral,4/29/21,2021-05-28T05:03:55.000Z
(b)(6),ZLA,EL SALVADOR,OTHER,Deny/Referral,11/4/20,2021-05-28T05:03:55.000Z
(b)(6),ZLA,EL SALVADOR,OTHER,Deny/Referral,10/31/17,2021-05-28T05:03:55.000Z
(b)(6),ZLA,"CHINA, PEOPLE'S REPUBLIC OF",OTHER,Admin Close/Dismissal,9/24/19,2021-05-28T05:04:38.000Z
(b)(6),ZLA,GUATEMALA,OTHER,Deny/Referral,8/1/18,2021-05-28T05:03:55.000Z
(b)(6),ZLA,GUATEMALA,UNKNOWN,Deny/Referral,7/11/18,2021-05-28T05:03:55.000Z
(b)(6),ZLA,"CHINA, PEOPLE'S REPUBLIC OF",OTHER,Admin Close/Dismissal,8/19/17,2021-05-28T05:04:38.000Z
(b)(6),ZLA,VENEZUELA,OTHER,Grant,5/22/18,2021-05-28T05:04:20.000Z
(b)(6),ZLA,"CHINA, PEOPLE'S REPUBLIC OF",CHINESE,Deny/Referral,6/25/18,2021-05-28T05:04:26.000Z
(b)(6),ZLA,INDONESIA,OTHER,Deny/Referral,8/1/18,2021-05-28T05:03:56.000Z
(b)(6),ZLA,"CHINA, PEOPLE'S REPUBLIC OF",OTHER,Grant,5/9/19,2021-05-28T05:04:09.000Z
(b)(6),ZLA,MEXICO,OTHER,Admin Close/Dismissal,11/9/19,2021-05-28T05:04:38.000Z
(b)(6),ZLA,"CHINA, PEOPLE'S REPUBLIC OF",OTHER,Grant,1/11/19,2021-05-28T05:04:38.000Z
(b)(6),ZLA,MEXICO,OTHER,Deny/Referral,10/11/17,2021-05-28T05:03:46.000Z
(b)(6),ZLA,MEXICO,OTHER,Grant,2/5/18,2021-05-28T05:04:38.000Z
(b)(6),ZLA,MEXICO,OTHER,Grant,2/5/18,2021-05-28T05:04:38.000Z
(b)(6),ZLA,MEXICO,OTHER,Admin Close/Dismissal,10/13/17,2021-05-28T05:04:38.000Z
(b)(6),ZLA,VENEZUELA,OTHER,Admin Close/Dismissal,12/10/20,2021-05-28T05:04:44.000Z
(b)(6),ZLA,EL SALVADOR,OTHER,Deny/Referral,6/20/18,2021-05-28T05:03:56.000Z
(b)(6),ZLA,MEXICO,OTHER,Deny/Referral,7/9/19,2021-05-28T05:03:56.000Z
(b)(6),ZLA,UGANDA,OTHER,Deny/Referral,2/28/19,2021-05-28T05:03:56.000Z
(b)(6),ZLA,"CHINA, PEOPLE'S REPUBLIC OF",OTHER,Grant,10/31/18,2021-05-28T05:04:38.000Z
(b)(6),ZLA,RUSSIA,OTHER,Deny/Referral,10/18/18,2021-05-28T05:03:56.000Z
(b)(6),ZLA,MEXICO,OTHER,Deny/Referral,2/8/18,2021-05-28T05:03:56.000Z
(b)(6),ZLA,"CHINA, PEOPLE'S REPUBLIC OF",CHINESE,Grant,3/14/18,2021-05-28T05:04:38.000Z
(b)(6),ZLA,PHILIPPINES,OTHER,Deny/Referral,3/21/18,2021-05-28T05:03:57.000Z
(b)(6),ZLA,HONDURAS,OTHER,Deny/Referral,9/29/19,2021-05-28T05:03:56.000Z
(b)(6),ZSF,RUSSIA,RUSSIAN,Deny/Referral,2/26/18,2021-05-28T05:03:56.000Z
(b)(6),ZSF,"CHINA, PEOPLE'S REPUBLIC OF",OTHER,Grant,4/11/16,2021-05-28T05:04:23.000Z
(b)(6),ZSF,VENEZUELA,OTHER,Grant,12/4/18,2021-05-28T05:04:40.000Z
(b)(6),ZSF,EL SALVADOR,OTHER,Admin Close/Dismissal,4/17/18,2021-05-28T05:04:23.000Z
(b)(6),ZSF,MEXICO,OTHER,Deny/Referral,8/24/16,2021-05-28T05:03:57.000Z
(b)(6),ZSF,MEXICO,OTHER,Grant,9/21/16,2021-05-28T05:04:40.000Z
(b)(6),ZSF,EL SALVADOR,OTHER,Grant,6/17/19,2021-05-28T05:04:40.000Z
(b)(6),ZSF,"CHINA, PEOPLE'S REPUBLIC OF",CHINESE,Grant,3/29/17,2021-05-28T05:04:16.000Z
(b)(6),ZSF,RUSSIA,OTHER,Deny/Referral,1/22/16,2021-05-28T05:03:58.000Z
(b)(6),ZSF,HONDURAS,OTHER,Deny/Referral,7/10/17,2021-05-28T05:04:04.000Z
(b)(6),ZSF,GUATEMALA,OTHER,Admin Close/Dismissal,8/19/19,2021-05-28T05:04:18.000Z
(b)(6),ZSF,HONDURAS,OTHER,Grant,9/28/20,2021-05-28T05:04:12.000Z
(b)(6),ZSF,INDIA,OTHER,Deny/Referral,3/14/16,2021-05-28T05:03:58.000Z
(b)(6),ZSF,NEPAL,OTHER,Deny/Referral,5/9/16,2021-05-28T05:03:58.000Z
(b)(6),ZSF,JORDAN,OTHER,Deny/Referral,4/3/17,2021-05-28T05:03:58.000Z
(b)(6),ZSF,HONDURAS,OTHER,Grant,11/6/15,2021-05-28T05:04:40.000Z
(b)(6),ZSF,UKRAINE,OTHER,Admin Close/Dismissal,12/7/20,2021-05-28T05:04:45.000Z
(b)(6),ZSF,INDIA,OTHER,Deny/Referral,3/25/16,2021-05-28T05:03:58.000Z
(b)(6),ZSF,MEXICO,OTHER,Deny/Referral,5/22/17,2021-05-28T05:04:04.000Z
(b)(6),ZSF,INDIA,OTHER,Deny/Referral,6/27/17,2021-05-28T05:03:58.000Z
(b)(6),ZSF,GUATEMALA,OTHER,Grant,1/8/18,2021-05-28T05:04:16.000Z
(b)(6),ZSF,"CHINA, PEOPLE'S REPUBLIC OF",OTHER,Deny/Referral,11/29/17,2021-05-28T05:04:04.000Z
(b)(6),ZSF,IRAN,OTHER,Admin Close/Dismissal,4/22/19,2021-05-28T05:03:54.000Z
(b)(6),ZSF,GUATEMALA,OTHER,Grant,3/6/18,2021-05-28T05:04:13.000Z
(b)(6),ZSF,EL SALVADOR,OTHER,Admin Close/Dismissal,4/17/20,2021-05-28T05:04:35.000Z
(b)(6),ZSF,INDIA,OTHER,Deny/Referral,4/26/18,2021-05-28T05:03:58.000Z
(b)(6),ZSF,GUATEMALA,OTHER,Grant,12/28/18,2021-05-28T05:04:20.000Z
(b)(6),ZSF,IRAQ,OTHER,Grant,8/12/16,2021-05-28T05:04:43.000Z
(b)(6),ZSF,GUATEMALA,OTHER,Grant,7/5/17,2021-05-28T05:04:20.000Z
(b)(6),ZSF,IRAQ,OTHER,Grant,10/6/16,2021-05-28T05:04:20.000Z
(b)(6),ZSF,IRAQ,OTHER,Grant,10/6/16,2021-05-28T05:04:20.000Z
(b)(6),ZSF,IRAQ,OTHER,Grant,7/20/16,2021-05-28T05:04:20.000Z
(b)(6),ZSF,IRAQ,OTHER,Grant,7/20/16,2021-05-28T05:04:20.000Z
(b)(6),ZSF,ERITREA,OTHER,Grant,5/9/19,2021-05-28T05:04:20.000Z
(b)(6),ZSF,MEXICO,OTHER,Deny/Referral,8/15/17,2021-05-28T05:03:58.000Z
(b)(6),ZSF,EL SALVADOR,OTHER,Deny/Referral,11/30/17,2021-05-28T05:04:04.000Z
(b)(6),ZSF,EL SALVADOR,OTHER,Deny/Referral,10/26/20,2021-05-28T05:03:58.000Z
(b)(6),ZSF,GUATEMALA,OTHER,Deny/Referral,3/20/18,2021-05-28T05:03:58.000Z
(b)(6),ZSF,PAKISTAN,OTHER,Grant,3/19/18,2021-05-28T05:04:21.000Z
(b)(6),ZSF,PAKISTAN,OTHER,Grant,3/19/18,2021-05-28T05:04:21.000Z
(b)(6),ZSF,AZERBAIJAN,OTHER,Grant,9/7/18,2021-05-28T05:04:15.000Z
(b)(6),ZSF,ERITREA,OTHER,Deny/Referral,1/17/19,2021-05-28T05:03:59.000Z
(b)(6),ZSF,KYRGYZSTAN,OTHER,Grant,1/30/19,2021-05-28T05:04:21.000Z
(b)(6),ZSF,MEXICO,OTHER,Deny/Referral,12/11/17,2021-05-28T05:03:59.000Z
(b)(6),ZSF,EL SALVADOR,OTHER,Grant,10/31/18,2021-05-28T05:04:40.000Z
(b)(6),ZSF,UKRAINE,OTHER,Deny/Referral,7/13/18,2021-05-28T05:04:05.000Z
(b)(6),ZLA,INDONESIA,OTHER,Admin Close/Dismissal,2/13/20,2021-05-28T05:04:40.000Z
(b)(6),ZLA,MEXICO,OTHER,Grant,6/21/18,2021-05-28T05:04:30.000Z
(b)(6),ZLA,EL SALVADOR,OTHER,Grant,12/2/16,2021-05-28T05:04:40.000Z
(b)(6),ZSF,MEXICO,OTHER,Deny/Referral,6/28/17,2021-05-28T05:03:59.000Z
(b)(6),ZSF,GUATEMALA,OTHER,Grant,11/10/16,2021-05-28T05:04:22.000Z
(b)(6),ZSF,VENEZUELA,OTHER,Admin Close/Dismissal,5/31/18,2021-05-28T05:04:22.000Z
(b)(6),ZLA,MEXICO,OTHER,Deny/Referral,9/13/17,2021-05-28T05:04:00.000Z
(b)(6),ZLA,ARMENIA,ARMENIAN,Admin Close/Dismissal,3/7/17,2021-05-28T05:04:37.000Z
(b)(6),ZSF,EL SALVADOR,OTHER,Grant,1/5/17,2021-05-28T05:04:21.000Z
(b)(6),ZLA,"CHINA, PEOPLE'S REPUBLIC OF",CHINESE,Grant,3/1/18,2021-05-28T05:04:22.000Z
(b)(6),ZLA,"CHINA, PEOPLE'S REPUBLIC OF",OTHER,Admin Close/Dismissal,4/15/17,2021-05-28T05:04:22.000Z
(b)(6),ZLA,"CHINA, PEOPLE'S REPUBLIC OF",OTHER,Admin Close/Dismissal,1/21/16,2021-05-28T05:04:41.000Z
(b)(6),ZLA,"CHINA, PEOPLE'S REPUBLIC OF",OTHER,Admin Close/Dismissal,3/8/17,2021-05-28T05:04:37.000Z
(b)(6),ZLA,"CHINA, PEOPLE'S REPUBLIC OF",CHINESE,Grant,11/2/15,2021-05-28T05:04:31.000Z
(b)(6),ZLA,IRAN,OTHER,Deny/Referral,1/19/20,2021-05-28T05:04:02.000Z
(b)(6),ZLA,"CHINA, PEOPLE'S REPUBLIC OF",CHINESE,Deny/Referral,8/14/17,2021-05-28T05:04:02.000Z
(b)(6),ZSF,GUATEMALA,OTHER,Deny/Referral,11/16/15,2021-05-28T05:04:02.000Z
(b)(6),ZLA,"CHINA, PEOPLE'S REPUBLIC OF",OTHER,Deny/Referral,11/3/17,2021-05-28T05:04:07.000Z
(b)(6),ZLA,GUATEMALA,OTHER,Admin Close/Dismissal,5/12/17,2021-05-28T05:04:31.000Z
(b)(6),ZLA,PERU,OTHER,Deny/Referral,4/5/17,2021-05-28T05:04:02.000Z
(b)(6),ZLA,"CHINA, PEOPLE'S REPUBLIC OF",OTHER,Grant,12/22/17,2021-05-28T05:04:31.000Z
(b)(6),ZSF,"CHINA, PEOPLE'S REPUBLIC OF",OTHER,Grant,6/2/16,2021-05-28T05:04:31.000Z
(b)(6),ZLA,IRAQ,OTHER,Grant,12/19/18,2021-05-28T05:04:31.000Z
(b)(6),ZLA,"CHINA, PEOPLE'S REPUBLIC OF",OTHER,Grant,7/7/17,2021-05-28T05:04:31.000Z
(b)(6),ZSF,"CHINA, PEOPLE'S REPUBLIC OF",OTHER,Admin Close/Dismissal,1/10/17,2021-05-28T05:04:32.000Z
(b)(6),ZSF,NEPAL,OTHER,Admin Close/Dismissal,6/28/18,2021-05-28T05:04:41.000Z
(b)(6),ZSF,NEPAL,OTHER,Grant,10/6/16,2021-05-28T05:04:41.000Z
(b)(6),ZSF,NEPAL,OTHER,Grant,10/6/16,2021-05-28T05:04:41.000Z
(b)(6),ZSF,"CHINA, PEOPLE'S REPUBLIC OF",OTHER,Deny/Referral,1/19/17,2021-05-28T05:04:15.000Z
(b)(6),ZLA,IRAN,OTHER,Grant,11/14/16,2021-05-28T05:04:31.000Z
(b)(6),ZLA,IRAN,OTHER,Grant,11/14/16,2021-05-28T05:04:31.000Z
(b)(6),ZLA,MEXICO,OTHER,Deny/Referral,5/31/17,2021-05-28T05:04:02.000Z
(b)(6),ZSF,GUATEMALA,OTHER,Grant,11/20/17,2021-05-28T05:04:37.000Z
(b)(6),ZSF,GUATEMALA,OTHER,Grant,11/20/17,2021-05-28T05:04:37.000Z
(b)(6),ZLA,"CHINA, PEOPLE'S REPUBLIC OF",CHINESE,Deny/Referral,8/6/18,2021-05-28T05:04:02.000Z
(b)(6),ZLA,MEXICO,OTHER,Deny/Referral,4/22/19,2021-05-28T05:04:02.000Z
(b)(6),ZLA,NIGERIA,OTHER,Deny/Referral,8/23/16,2021-05-28T05:04:02.000Z
(b)(6),ZLA,MEXICO,OTHER,Admin Close/Dismissal,10/23/17,2021-05-28T05:04:31.000Z
(b)(6),ZLA,INDONESIA,OTHER,Deny/Referral,10/5/17,2021-05-28T05:04:02.000Z
(b)(6),ZLA,GUATEMALA,OTHER,Deny/Referral,9/5/18,2021-05-28T05:04:02.000Z
(b)(6),ZLA,NEPAL,OTHER,Deny/Referral,9/11/18,2021-05-28T05:04:02.000Z
(b)(6),ZSF,MEXICO,OTHER,Deny/Referral,8/8/17,2021-05-28T05:04:02.000Z
(b)(6),ZLA,MEXICO,OTHER,Admin Close/Dismissal,12/29/19,2021-05-28T05:04:45.000Z
(b)(6),ZLA,EL SALVADOR,OTHER,Grant,10/3/17,2021-05-28T05:04:31.000Z
(b)(6),ZLA,RUSSIA,RUSSIAN,Admin Close/Dismissal,2/13/20,2021-05-28T05:04:41.000Z
(b)(6),ZLA,PHILIPPINES,OTHER,Deny/Referral,2/15/18,2021-05-28T05:04:02.000Z
(b)(6),ZSF,MEXICO,OTHER,Deny/Referral,9/18/18,2021-05-28T05:04:07.000Z
(b)(6),ZLA,EL SALVADOR,OTHER,Grant,1/3/19,2021-05-28T05:04:31.000Z
(b)(6),ZLA,"CHINA, PEOPLE'S REPUBLIC OF",OTHER,Admin Close/Dismissal,7/28/18,2021-05-28T05:04:31.000Z
(b)(6),ZLA,"CHINA, PEOPLE'S REPUBLIC OF",OTHER,Deny/Referral,5/2/18,2021-05-28T05:04:31.000Z
(b)(6),ZLA,"CHINA, PEOPLE'S REPUBLIC OF",OTHER,Deny/Referral,5/2/18,2021-05-28T05:04:31.000Z
(b)(6),ZSF,EL SALVADOR,OTHER,Deny/Referral,12/14/18,2021-05-28T05:04:21.000Z
(b)(6),ZLA,"CHINA, PEOPLE'S REPUBLIC OF",CHINESE,Grant,8/10/18,2021-05-28T05:04:31.000Z
(b)(6),ZSF,BULGARIA,OTHER,Deny/Referral,10/2/18,2021-05-28T05:04:08.000Z
(b)(6),ZLA,UKRAINE,OTHER,Deny/Referral,1/16/19,2021-05-28T05:04:03.000Z
(b)(6),ZLA,"CHINA, PEOPLE'S REPUBLIC OF",OTHER,Grant,11/15/18,2021-05-28T05:04:15.000Z
(b)(6),ZSF,COLOMBIA,OTHER,Deny/Referral,6/26/18,2021-05-28T05:04:03.000Z
(b)(6),ZSF,INDIA,OTHER,Deny/Referral,6/15/18,2021-05-28T05:04:03.000Z
(b)(6),ZSF,NICARAGUA,OTHER,Deny/Referral,6/29/18,2021-05-28T05:04:03.000Z
(b)(6),ZLA,IRAN,OTHER,Admin Close/Dismissal,4/30/20,2021-05-28T05:04:45.000Z
(b)(6),ZLA,EL SALVADOR,OTHER,Deny/Referral,6/6/17,2021-05-28T05:04:04.000Z
(b)(6),ZLA,"CHINA, PEOPLE'S REPUBLIC OF",CHINESE,Grant,9/5/17,2021-05-28T05:04:43.000Z
(b)(6),ZLA,MEXICO,OTHER,Admin Close/Dismissal,7/12/16,2021-05-28T05:04:43.000Z
(b)(6),ZSF,NEPAL,OTHER,Deny/Referral,11/20/19,2021-05-28T05:04:04.000Z
(b)(6),ZLA,EL SALVADOR,OTHER,Deny/Referral,11/21/17,2021-05-28T05:04:04.000Z
(b)(6),ZLA,GUATEMALA,OTHER,Grant,1/19/17,2021-05-28T05:04:16.000Z
(b)(6),ZLA,GUATEMALA,OTHER,Grant,1/19/17,2021-05-28T05:04:16.000Z
(b)(6),ZLA,GUATEMALA,OTHER,Deny/Referral,1/26/18,2021-05-28T05:04:04.000Z
(b)(6),ZLA,LEBANON,OTHER,Admin Close/Dismissal,9/20/17,2021-05-28T05:04:16.000Z
(b)(6),ZSF,EL SALVADOR,OTHER,Deny/Referral,10/25/17,2021-05-28T05:04:04.000Z
(b)(6),ZLA,SYRIA,OTHER,Grant,12/8/15,2021-05-28T05:04:37.000Z
(b)(6),ZSF,INDIA,OTHER,Deny/Referral,1/19/18,2021-05-28T05:04:04.000Z
(b)(6),ZSF,INDIA,OTHER,Deny/Referral,5/29/18,2021-05-28T05:04:04.000Z
(b)(6),ZSF,GUATEMALA,OTHER,Grant,11/1/16,2021-05-28T05:04:43.000Z
(b)(6),ZLA,"CHINA, PEOPLE'S REPUBLIC OF",OTHER,Admin Close/Dismissal,8/4/17,2021-05-28T05:04:43.000Z
(b)(6),ZLA,EL SALVADOR,OTHER,Deny/Referral,10/18/16,2021-05-28T05:04:04.000Z
(b)(6),ZSF,"CHINA, PEOPLE'S REPUBLIC OF",OTHER,Grant,9/8/20,2021-05-28T05:04:45.000Z
(b)(6),ZLA,MEXICO,OTHER,Deny/Referral,3/22/18,2021-05-28T05:04:05.000Z
(b)(6),ZLA,EL SALVADOR,OTHER,Grant,1/11/17,2021-05-28T05:04:43.000Z
(b)(6),ZSF,MEXICO,OTHER,Admin Close/Dismissal,1/25/17,2021-05-28T05:03:45.000Z
(b)(6),ZSF,ERITREA,OTHER,Grant,7/27/16,2021-05-28T05:04:43.000Z
(b)(6),ZLA,"CHINA, PEOPLE'S REPUBLIC OF",OTHER,Admin Close/Dismissal,3/13/18,2021-05-28T05:04:43.000Z
(b)(6),ZSF,"CHINA, PEOPLE'S REPUBLIC OF",OTHER,Deny/Referral,11/2/16,2021-05-28T05:04:05.000Z
(b)(6),ZLA,"CHINA, PEOPLE'S REPUBLIC OF",OTHER,Grant,6/30/17,2021-05-28T05:04:43.000Z
(b)(6),ZSF,"CHINA, PEOPLE'S REPUBLIC OF",OTHER,Grant,4/12/16,2021-05-28T05:04:43.000Z
(b)(6),ZLA,"CHINA, PEOPLE'S REPUBLIC OF",CHINESE,Deny/Referral,11/15/17,2021-05-28T05:04:05.000Z
(b)(6),ZLA,"CHINA, PEOPLE'S REPUBLIC OF",OTHER,Admin Close/Dismissal,7/28/20,2021-05-28T05:04:09.000Z
(b)(6),ZLA,EL SALVADOR,OTHER,Deny/Referral,8/15/18,2021-05-28T05:04:06.000Z
(b)(6),ZLA,TURKEY,OTHER,Grant,7/16/18,2021-05-28T05:04:43.000Z
(b)(6),ZLA,LEBANON,OTHER,Admin Close/Dismissal,9/21/17,2021-05-28T05:04:43.000Z
(b)(6),ZLA,"CHINA, PEOPLE'S REPUBLIC OF",TIBETAN,Deny/Referral,1/25/19,2021-05-28T05:04:06.000Z
(b)(6),ZSF,GEORGIA,OTHER,Grant,4/17/19,2021-05-28T05:04:45.000Z
(b)(6),ZSF,GEORGIA,OTHER,Grant,4/17/19,2021-05-28T05:04:45.000Z
(b)(6),ZLA,RUSSIA,RUSSIAN,Deny/Referral,2/4/19,2021-05-28T05:04:06.000Z
(b)(6),ZLA,MEXICO,OTHER,Deny/Referral,10/11/17,2021-05-28T05:04:06.000Z
(b)(6),ZSF,PAKISTAN,OTHER,Grant,5/15/17,2021-05-28T05:04:43.000Z
(b)(6),ZSF,NEPAL,OTHER,Deny/Referral,10/31/17,2021-05-28T05:04:06.000Z
(b)(6),ZLA,"CHINA, PEOPLE'S REPUBLIC OF",OTHER,Admin Close/Dismissal,1/25/18,2021-05-28T05:04:43.000Z
(b)(6),ZLA,"CHINA, PEOPLE'S REPUBLIC OF",OTHER,Grant,3/26/20,2021-05-28T05:04:45.000Z
(b)(6),ZLA,"CHINA, PEOPLE'S REPUBLIC OF",OTHER,Grant,3/26/20,2021-05-28T05:04:45.000Z
(b)(6),ZLA,GUATEMALA,OTHER,Grant,10/5/17,2021-05-28T05:04:43.000Z
(b)(6),ZSF,INDIA,OTHER,Deny/Referral,11/26/19,2021-05-28T05:04:06.000Z
(b)(6),ZSF,MEXICO,OTHER,Grant,7/20/18,2021-05-28T05:04:16.000Z
(b)(6),ZSF,EL SALVADOR,OTHER,Deny/Referral,11/7/17,2021-05-28T05:04:06.000Z
(b)(6),ZLA,EL SALVADOR,OTHER,Deny/Referral,8/9/17,2021-05-28T05:04:08.000Z
(b)(6),ZSF,MEXICO,OTHER,Deny/Referral,10/28/20,2021-05-28T05:04:06.000Z
(b)(6),ZLA,MEXICO,OTHER,Deny/Referral,2/21/18,2021-05-28T05:04:06.000Z
(b)(6),ZSF,INDIA,OTHER,Deny/Referral,10/16/20,2021-05-28T05:04:06.000Z
(b)(6),ZLA,UGANDA,OTHER,Grant,4/19/18,2021-05-28T05:04:43.000Z
(b)(6),ZLA,"CHINA, PEOPLE'S REPUBLIC OF",CHINESE,Grant,7/24/18,2021-05-28T05:04:43.000Z
(b)(6),ZLA,MEXICO,OTHER,Deny/Referral,7/10/18,2021-05-28T05:04:06.000Z
(b)(6),ZLA,"CHINA, PEOPLE'S REPUBLIC OF",OTHER,Deny/Referral,9/24/18,2021-05-28T05:04:43.000Z
(b)(6),ZLA,"CHINA, PEOPLE'S REPUBLIC OF",OTHER,Deny/Referral,9/24/18,2021-05-28T05:04:43.000Z
(b)(6),ZSF,MEXICO,OTHER,Deny/Referral,8/23/18,2021-05-28T05:04:07.000Z
(b)(6),ZLA,EL SALVADOR,OTHER,Grant,8/1/18,2021-05-28T05:04:23.000Z
(b)(6),ZLA,MEXICO,OTHER,Deny/Referral,1/5/18,2021-05-28T05:04:07.000Z
(b)(6),ZSF,EL SALVADOR,OTHER,Deny/Referral,4/20/20,2021-05-28T05:04:07.000Z
(b)(6),ZSF,EL SALVADOR,OTHER,Grant,4/30/19,2021-05-28T05:04:44.000Z
(b)(6),ZSF,MEXICO,OTHER,Grant,3/26/20,2021-05-28T05:04:15.000Z
(b)(6),ZLA,MEXICO,OTHER,Grant,6/4/19,2021-05-28T05:04:45.000Z
(b)(6),ZLA,MEXICO,OTHER,Deny/Referral,9/2/16,2021-05-28T05:04:07.000Z
(b)(6),ZLA,ROMANIA,OTHER,Admin Close/Dismissal,6/28/17,2021-05-28T05:04:44.000Z
(b)(6),ZLA,EL SALVADOR,OTHER,Deny/Referral,10/2/17,2021-05-28T05:04:07.000Z
(b)(6),ZSF,INDIA,INDIAN,Deny/Referral,2/12/18,2021-05-28T05:04:16.000Z
(b)(6),ZLA,MEXICO,OTHER,Deny/Referral,6/26/17,2021-05-28T05:03:47.000Z
(b)(6),ZLA,EL SALVADOR,OTHER,Deny/Referral,7/18/18,2021-05-28T05:03:47.000Z
(b)(6),ZLA,HONDURAS,OTHER,Grant,5/4/18,2021-05-28T05:04:19.000Z
(b)(6),ZSF,EL SALVADOR,OTHER,Deny/Referral,10/26/18,2021-05-28T05:04:45.000Z
(b)(6),ZSF,EL SALVADOR,OTHER,Deny/Referral,10/26/18,2021-05-28T05:04:45.000Z
(b)(6),ZLA,CONGO,OTHER,Grant,11/8/17,2021-05-28T05:04:31.000Z
(b)(6),ZSF,PAKISTAN,OTHER,Grant,3/7/17,2021-05-28T05:04:25.000Z
(b)(6),ZLA,EGYPT,OTHER,Grant,3/23/17,2021-05-28T05:03:57.000Z
(b)(6),ZLA,EGYPT,OTHER,Grant,3/23/17,2021-05-28T05:03:57.000Z
(b)(6),ZLA,"CHINA, PEOPLE'S REPUBLIC OF",CHINESE,Grant,1/10/18,2021-05-28T05:04:31.000Z
(b)(6),ZSF,EL SALVADOR,OTHER,Deny/Referral,3/29/17,2021-05-28T05:03:48.000Z
(b)(6),ZLA,EGYPT,OTHER,Grant,8/17/17,2021-05-28T05:04:19.000Z
(b)(6),ZLA,MEXICO,OTHER,Admin Close/Dismissal,1/26/17,2021-05-28T05:04:31.000Z
(b)(6),ZLA,"CHINA, PEOPLE'S REPUBLIC OF",CHINESE,Deny/Referral,12/28/15,2021-05-28T05:03:49.000Z
(b)(6),ZLA,"CHINA, PEOPLE'S REPUBLIC OF",OTHER,Admin Close/Dismissal,5/14/17,2021-05-28T05:04:32.000Z
(b)(6),ZLA,ARMENIA,OTHER,Deny/Referral,6/22/17,2021-05-28T05:03:50.000Z
(b)(6),ZLA,IRAN,OTHER,Deny/Referral,5/23/18,2021-05-28T05:03:50.000Z
(b)(6),ZSF,MEXICO,OTHER,Grant,9/8/16,2021-05-28T05:04:34.000Z
(b)(6),ZSF,MEXICO,OTHER,Grant,9/8/16,2021-05-28T05:04:34.000Z
(b)(6),ZLA,"CHINA, PEOPLE'S REPUBLIC OF",OTHER,Admin Close/Dismissal,1/19/17,2021-05-28T05:04:35.000Z
(b)(6),ZSF,EL SALVADOR,OTHER,Admin Close/Dismissal,12/18/17,2021-05-28T05:04:29.000Z
(b)(6),ZLA,"CHINA, PEOPLE'S REPUBLIC OF",OTHER,Admin Close/Dismissal,9/7/17,2021-05-28T05:04:21.000Z
(b)(6),ZSF,GUATEMALA,OTHER,Grant,7/12/16,2021-05-28T05:04:26.000Z
(b)(6),ZLA,MEXICO,OTHER,Deny/Referral,5/8/17,2021-05-28T05:04:19.000Z
(b)(6),ZSF,INDIA,OTHER,Deny/Referral,10/18/17,2021-05-28T05:03:51.000Z
(b)(6),ZSF,EL SALVADOR,OTHER,Grant,2/26/18,2021-05-28T05:04:28.000Z
(b)(6),ZSF,MOLDOVA,GIPSY,Deny/Referral,2/13/18,2021-05-28T05:03:51.000Z
(b)(6),ZLA,EL SALVADOR,OTHER,Grant,12/6/16,2021-05-28T05:04:24.000Z
(b)(6),ZSF,MONGOLIA,OTHER,Deny/Referral,12/17/19,2021-05-28T05:03:51.000Z
(b)(6),ZSF,YEMEN,OTHER,Grant,7/10/17,2021-05-28T05:04:23.000Z
(b)(6),ZLA,EL SALVADOR,OTHER,Deny/Referral,7/18/17,2021-05-28T05:04:21.000Z
(b)(6),ZLA,ROMANIA,GIPSY,Admin Close/Dismissal,7/30/20,2021-05-28T05:04:12.000Z
(b)(6),ZLA,GUATEMALA,OTHER,Admin Close/Dismissal,9/21/17,2021-05-28T05:04:37.000Z
(b)(6),ZLA,GUATEMALA,OTHER,Grant,1/11/17,2021-05-28T05:04:15.000Z
(b)(6),ZLA,MEXICO,OTHER,Admin Close/Dismissal,11/7/17,2021-05-28T05:04:37.000Z
(b)(6),ZLA,MEXICO,OTHER,Admin Close/Dismissal,11/3/16,2021-05-28T05:04:21.000Z
(b)(6),ZSF,EL SALVADOR,OTHER,Grant,6/27/19,2021-05-28T05:04:30.000Z
(b)(6),ZLA,PAKISTAN,OTHER,Deny/Referral,5/7/19,2021-05-28T05:03:51.000Z
(b)(6),ZLA,EL SALVADOR,OTHER,Deny/Referral,10/11/17,2021-05-28T05:03:51.000Z
(b)(6),ZLA,GUATEMALA,OTHER,Deny/Referral,4/19/18,2021-05-28T05:03:51.000Z
(b)(6),ZLA,MONGOLIA,OTHER,Deny/Referral,4/19/19,2021-05-28T05:03:51.000Z
(b)(6),ZLA,MEXICO,OTHER,Deny/Referral,3/1/18,2021-05-28T05:03:51.000Z
(b)(6),ZSF,MEXICO,OTHER,Admin Close/Dismissal,1/29/19,2021-05-28T05:04:45.000Z
(b)(6),ZLA,INDIA,TAMIL,Deny/Referral,5/15/18,2021-05-28T05:03:51.000Z
(b)(6),ZLA,"CHINA, PEOPLE'S REPUBLIC OF",OTHER,Deny/Referral,5/2/18,2021-05-28T05:03:51.000Z
(b)(6),ZSF,GUATEMALA,OTHER,Deny/Referral,2/8/18,2021-05-28T05:03:51.000Z
(b)(6),ZLA,"CHINA, PEOPLE'S REPUBLIC OF",CHINESE,Grant,11/19/19,2021-05-28T05:04:37.000Z
(b)(6),ZLA,"CHINA, PEOPLE'S REPUBLIC OF",CHINESE,Grant,11/19/19,2021-05-28T05:04:37.000Z
(b)(6),ZLA,VENEZUELA,OTHER,Deny/Referral,1/17/19,2021-05-28T05:03:51.000Z
(b)(6),ZLA,"CHINA, PEOPLE'S REPUBLIC OF",OTHER,Deny/Referral,12/20/18,2021-05-28T05:03:51.000Z
(b)(6),ZSF,"CHINA, PEOPLE'S REPUBLIC OF",OTHER,Grant,2/14/20,2021-05-28T05:04:16.000Z
(b)(6),ZLA,"CHINA, PEOPLE'S REPUBLIC OF",CHINESE,Grant,6/22/18,2021-05-28T05:04:29.000Z
(b)(6),ZLA,"CHINA, PEOPLE'S REPUBLIC OF",OTHER,Grant,7/27/18,2021-05-28T05:04:37.000Z
(b)(6),ZLA,"CHINA, PEOPLE'S REPUBLIC OF",OTHER,Grant,7/27/18,2021-05-28T05:04:37.000Z
(b)(6),ZLA,"CHINA, PEOPLE'S REPUBLIC OF",CHINESE,Deny/Referral,9/27/18,2021-05-28T05:04:21.000Z
(b)(6),ZSF,VENEZUELA,OTHER,Grant,11/2/18,2021-05-28T05:04:37.000Z
(b)(6),ZLA,VENEZUELA,OTHER,Deny/Referral,11/6/18,2021-05-28T05:03:51.000Z
(b)(6),ZSF,MEXICO,OTHER,Deny/Referral,8/2/18,2021-05-28T05:03:52.000Z
(b)(6),ZLA,EL SALVADOR,OTHER,Admin Close/Dismissal,7/28/17,2021-05-28T05:04:36.000Z
(b)(6),ZLA,MEXICO,OTHER,Deny/Referral,7/6/17,2021-05-28T05:04:09.000Z
(b)(6),ZLA,MEXICO,OTHER,Deny/Referral,3/6/17,2021-05-28T05:04:10.000Z
(b)(6),ZSF,ETHIOPIA,OTHER,Grant,11/16/16,2021-05-28T05:04:26.000Z
(b)(6),ZSF,ETHIOPIA,OTHER,Grant,11/16/16,2021-05-28T05:04:26.000Z
(b)(6),ZSF,IRAN,OTHER,Grant,9/3/19,2021-05-28T05:04:13.000Z
(b)(6),ZSF,IRAN,OTHER,Grant,9/3/19,2021-05-28T05:04:13.000Z
(b)(6),ZSF,GUATEMALA,OTHER,Grant,6/24/16,2021-05-28T05:04:26.000Z
(b)(6),ZSF,"CHINA, PEOPLE'S REPUBLIC OF",OTHER,Deny/Referral,12/14/15,2021-05-28T05:04:10.000Z
(b)(6),ZSF,IRAQ,OTHER,Grant,8/28/17,2021-05-28T05:03:44.000Z
(b)(6),ZLA,"CHINA, PEOPLE'S REPUBLIC OF",CHINESE,Grant,11/1/17,2021-05-28T05:04:26.000Z
(b)(6),ZLA,INDONESIA,CHINESE,Deny/Referral,10/18/17,2021-05-28T05:04:10.000Z
(b)(6),ZLA,GUATEMALA,OTHER,Deny/Referral,8/17/16,2021-05-28T05:04:10.000Z
(b)(6),ZSF,"CHINA, PEOPLE'S REPUBLIC OF",OTHER,Deny/Referral,5/18/16,2021-05-28T05:04:10.000Z
(b)(6),ZLA,"CHINA, PEOPLE'S REPUBLIC OF",CHINESE,Deny/Referral,1/3/18,2021-05-28T05:04:10.000Z
(b)(6),ZLA,"CHINA, PEOPLE'S REPUBLIC OF",CHINESE,Deny/Referral,8/15/18,2021-05-28T05:04:10.000Z
(b)(6),ZLA,GUATEMALA,OTHER,Grant,11/8/16,2021-05-28T05:04:21.000Z
(b)(6),ZSF,MEXICO,OTHER,Grant,7/21/17,2021-05-28T05:04:26.000Z
(b)(6),ZSF,MEXICO,OTHER,Grant,7/21/17,2021-05-28T05:04:26.000Z
(b)(6),ZSF,SYRIA,OTHER,Grant,6/1/17,2021-05-28T05:04:40.000Z
(b)(6),ZSF,SYRIA,OTHER,Grant,6/1/17,2021-05-28T05:04:40.000Z
(b)(6),ZSF,MEXICO,OTHER,Grant,5/3/17,2021-05-28T05:04:26.000Z
(b)(6),ZSF,NEPAL,OTHER,Deny/Referral,9/11/17,2021-05-28T05:04:10.000Z
(b)(6),ZSF,EL SALVADOR,OTHER,Deny/Referral,5/3/17,2021-05-28T05:04:10.000Z
(b)(6),ZLA,HONDURAS,OTHER,Admin Close/Dismissal,7/31/17,2021-05-28T05:04:08.000Z
(b)(6),ZLA,"CHINA, PEOPLE'S REPUBLIC OF",OTHER,Grant,4/21/17,2021-05-28T05:04:26.000Z
(b)(6),ZLA,"CHINA, PEOPLE'S REPUBLIC OF",OTHER,Grant,4/21/17,2021-05-28T05:04:26.000Z
(b)(6),ZLA,MEXICO,OTHER,Deny/Referral,1/4/18,2021-05-28T05:04:26.000Z
(b)(6),ZLA,EL SALVADOR,OTHER,Deny/Referral,7/24/17,2021-05-28T05:04:10.000Z
(b)(6),ZSF,"CHINA, PEOPLE'S REPUBLIC OF",OTHER,Grant,5/20/21,2021-05-28T05:04:10.000Z
(b)(6),ZSF,"CHINA, PEOPLE'S REPUBLIC OF",OTHER,Grant,6/21/19,2021-05-28T05:04:26.000Z
(b)(6),ZSF,EL SALVADOR,OTHER,Deny/Referral,1/2/18,2021-05-28T05:04:10.000Z
(b)(6),ZLA,HONDURAS,OTHER,Deny/Referral,3/27/17,2021-05-28T05:04:10.000Z
(b)(6),ZSF,GUATEMALA,OTHER,Deny/Referral,6/9/17,2021-05-28T05:04:10.000Z
(b)(6),ZLA,MEXICO,OTHER,Deny/Referral,7/22/19,2021-05-28T05:04:10.000Z
(b)(6),ZSF,MEXICO,UNKNOWN,Deny/Referral,3/7/18,2021-05-28T05:04:10.000Z
(b)(6),ZSF,MEXICO,OTHER,Deny/Referral,8/16/17,2021-05-28T05:04:10.000Z
(b)(6),ZSF,MEXICO,OTHER,Deny/Referral,8/16/17,2021-05-28T05:04:11.000Z
(b)(6),ZLA,MEXICO,OTHER,Admin Close/Dismissal,9/15/18,2021-05-28T05:04:45.000Z
(b)(6),ZSF,UKRAINE,OTHER,Admin Close/Dismissal,6/18/19,2021-05-28T05:04:26.000Z
(b)(6),ZSF,GUATEMALA,OTHER,Admin Close/Dismissal,7/11/17,2021-05-28T05:04:40.000Z
(b)(6),ZLA,MEXICO,OTHER,Admin Close/Dismissal,7/12/18,2021-05-28T05:04:45.000Z
(b)(6),ZLA,MEXICO,OTHER,Deny/Referral,12/19/17,2021-05-28T05:04:26.000Z
(b)(6),ZSF,ETHIOPIA,OTHER,Grant,6/5/18,2021-05-28T05:04:26.000Z
(b)(6),ZLA,VENEZUELA,OTHER,Deny/Referral,3/20/19,2021-05-28T05:04:11.000Z
(b)(6),ZSF,MEXICO,OTHER,Grant,12/21/18,2021-05-28T05:04:45.000Z
(b)(6),ZLA,UKRAINE,UNKNOWN,Grant,5/16/18,2021-05-28T05:04:16.000Z
(b)(6),ZAR,GUATEMALA,OTHER,Admin Close/Dismissal,1/19/21,2021-05-28T05:04:12.000Z
(b)(6),ZAR,VENEZUELA,OTHER,Deny/Referral,11/9/18,2021-05-28T05:04:13.000Z
(b)(6),ZAR,EL SALVADOR,OTHER,Deny/Referral,12/18/17,2021-05-28T05:04:13.000Z
(b)(6),ZAR,UGANDA,OTHER,Deny/Referral,8/16/17,2021-05-28T05:04:14.000Z
(b)(6),ZAR,EL SALVADOR,OTHER,Deny/Referral,5/19/20,2021-05-28T05:04:14.000Z
(b)(6),ZAR,CAMEROON,OTHER,Admin Close/Dismissal,9/10/20,2021-05-28T05:04:45.000Z
(b)(6),ZAR,MEXICO,OTHER,Deny/Referral,1/30/20,2021-05-28T05:03:46.000Z
(b)(6),ZAR,EL SALVADOR,OTHER,Grant,5/12/18,2021-05-28T05:04:42.000Z
(b)(6),ZAR,EL SALVADOR,OTHER,Grant,5/12/18,2021-05-28T05:04:42.000Z
(b)(6),ZAR,BURMA,CHINESE,Grant,9/25/19,2021-05-28T05:04:12.000Z
(b)(6),ZAR,ETHIOPIA,OTHER,Grant,3/15/17,2021-05-28T05:04:42.000Z
(b)(6),ZAR,EL SALVADOR,OTHER,Deny/Referral,2/9/16,2021-05-28T05:04:09.000Z
(b)(6),ZAR,EL SALVADOR,OTHER,Deny/Referral,5/12/17,2021-05-28T05:04:09.000Z
(b)(6),ZAR,GUATEMALA,OTHER,Deny/Referral,9/6/17,2021-05-28T05:03:46.000Z
(b)(6),ZAR,TURKEY,OTHER,Admin Close/Dismissal,6/9/17,2021-05-28T05:04:19.000Z
(b)(6),ZAR,UGANDA,OTHER,Deny/Referral,4/20/16,2021-05-28T05:04:11.000Z
(b)(6),ZAR,AFGHANISTAN,OTHER,Deny/Referral,11/3/15,2021-05-28T05:04:11.000Z
(b)(6),ZAR,EGYPT,OTHER,Grant,11/27/17,2021-05-28T05:04:16.000Z
(b)(6),ZAR,EGYPT,OTHER,Grant,11/27/17,2021-05-28T05:04:16.000Z
(b)(6),ZAR,HONDURAS,OTHER,Deny/Referral,11/14/16,2021-05-28T05:03:45.000Z
(b)(6),ZAR,HONDURAS,OTHER,Admin Close/Dismissal,4/15/16,2021-05-28T05:04:42.000Z
(b)(6),ZAR,EL SALVADOR,OTHER,Grant,6/21/19,2021-05-28T05:04:42.000Z
(b)(6),ZAR,HONDURAS,OTHER,Deny/Referral,8/16/18,2021-05-28T05:03:45.000Z
(b)(6),ZAR,GUATEMALA,OTHER,Admin Close/Dismissal,6/9/16,2021-05-28T05:04:42.000Z
(b)(6),ZAR,IRAQ,OTHER,Grant,8/29/17,2021-05-28T05:04:42.000Z
(b)(6),ZAR,MEXICO,OTHER,Admin Close/Dismissal,3/4/21,2021-05-28T05:04:39.000Z
(b)(6),ZAR,EL SALVADOR,OTHER,Deny/Referral,11/8/17,2021-05-28T05:03:46.000Z
(b)(6),ZAR,EL SALVADOR,OTHER,Grant,10/1/15,2021-05-28T05:04:17.000Z
(b)(6),ZAR,EL SALVADOR,OTHER,Grant,10/1/15,2021-05-28T05:04:17.000Z
(b)(6),ZAR,EL SALVADOR,OTHER,Deny/Referral,2/24/16,2021-05-28T05:04:12.000Z
(b)(6),ZAR,EL SALVADOR,OTHER,Deny/Referral,3/30/17,2021-05-28T05:03:52.000Z
(b)(6),ZAR,EL SALVADOR,OTHER,Admin Close/Dismissal,8/19/17,2021-05-28T05:03:45.000Z
(b)(6),ZAR,SYRIA,OTHER,Deny/Referral,2/22/18,2021-05-28T05:04:12.000Z
(b)(6),ZAR,GUATEMALA,OTHER,Grant,5/1/20,2021-05-28T05:04:41.000Z
(b)(6),ZAR,SAUDI ARABIA,OTHER,Deny/Referral,2/26/21,2021-05-28T05:03:45.000Z
(b)(6),ZAR,MEXICO,OTHER,Admin Close/Dismissal,5/19/20,2021-05-28T05:04:45.000Z
(b)(6),ZAR,EL SALVADOR,OTHER,Deny/Referral,8/3/18,2021-05-28T05:04:12.000Z
(b)(6),ZAR,"CHINA, PEOPLE'S REPUBLIC OF",OTHER,Deny/Referral,12/7/16,2021-05-28T05:04:12.000Z
(b)(6),ZAR,MALI,OTHER,Grant,3/13/19,2021-05-28T05:04:19.000Z
(b)(6),ZAR,AFGHANISTAN,OTHER,Deny/Referral,11/27/19,2021-05-28T05:04:43.000Z
(b)(6),ZAR,AFGHANISTAN,OTHER,Deny/Referral,11/27/19,2021-05-28T05:04:43.000Z
(b)(6),ZAR,RUSSIA,OTHER,Grant,5/23/16,2021-05-28T05:04:42.000Z
(b)(6),ZAR,RUSSIA,OTHER,Grant,5/23/16,2021-05-28T05:04:42.000Z
(b)(6),ZAR,AFGHANISTAN,OTHER,Deny/Referral,3/31/16,2021-05-28T05:03:54.000Z
(b)(6),ZAR,HONDURAS,OTHER,Deny/Referral,12/14/18,2021-05-28T05:04:12.000Z
(b)(6),ZAR,GUATEMALA,OTHER,Deny/Referral,8/12/20,2021-05-28T05:03:46.000Z
(b)(6),ZAR,IRAN,OTHER,Grant,1/13/21,2021-05-28T05:04:36.000Z
(b)(6),ZAR,PAKISTAN,OTHER,Grant,10/23/20,2021-05-28T05:04:19.000Z
(b)(6),ZNY,BELARUS,OTHER,Admin Close/Dismissal,6/18/19,2021-05-28T05:04:06.000Z
(b)(6),ZAR,EL SALVADOR,OTHER,Deny/Referral,12/5/17,2021-05-28T05:04:13.000Z
(b)(6),ZAR,HONDURAS,OTHER,Admin Close/Dismissal,9/21/17,2021-05-28T05:04:42.000Z
(b)(6),ZAR,EL SALVADOR,OTHER,Grant,9/17/18,2021-05-28T05:04:42.000Z
(b)(6),ZAR,PAKISTAN,OTHER,Deny/Referral,8/8/16,2021-05-28T05:03:58.000Z
(b)(6),ZAR,MEXICO,OTHER,Deny/Referral,6/21/18,2021-05-28T05:03:58.000Z
(b)(6),ZAR,HAITI,OTHER,Grant,10/3/19,2021-05-28T05:04:42.000Z
(b)(6),ZAR,ETHIOPIA,OTHER,Grant,7/6/16,2021-05-28T05:04:42.000Z
(b)(6),ZAR,ETHIOPIA,OTHER,Grant,7/6/16,2021-05-28T05:04:42.000Z
(b)(6),ZAR,MEXICO,OTHER,Deny/Referral,6/5/18,2021-05-28T05:04:13.000Z
(b)(6),ZAR,JAMAICA,OTHER,Grant,1/14/21,2021-05-28T05:04:16.000Z
(b)(6),ZAR,MEXICO,OTHER,Deny/Referral,4/17/20,2021-05-28T05:04:13.000Z
(b)(6),ZAR,EL SALVADOR,OTHER,Deny/Referral,9/1/17,2021-05-28T05:03:58.000Z
(b)(6),ZAR,GUATEMALA,OTHER,Grant,6/12/18,2021-05-28T05:04:42.000Z
(b)(6),ZAR,EL SALVADOR,OTHER,Deny/Referral,1/22/21,2021-05-28T05:04:13.000Z
(b)(6),ZAR,MEXICO,OTHER,Deny/Referral,3/7/18,2021-05-28T05:03:46.000Z
(b)(6),ZAR,EL SALVADOR,OTHER,Deny/Referral,3/6/18,2021-05-28T05:03:46.000Z
(b)(6),ZAR,EL SALVADOR,OTHER,Admin Close/Dismissal,3/30/17,2021-05-28T05:04:45.000Z
(b)(6),ZAR,IRAQ,OTHER,Admin Close/Dismissal,6/18/18,2021-05-28T05:03:44.000Z
(b)(6),ZAR,GUATEMALA,OTHER,Deny/Referral,8/3/16,2021-05-28T05:03:51.000Z
(b)(6),ZAR,EL SALVADOR,OTHER,Grant,8/28/17,2021-05-28T05:04:42.000Z
(b)(6),ZAR,EL SALVADOR,OTHER,Admin Close/Dismissal,6/1/18,2021-05-28T05:04:42.000Z
(b)(6),ZAR,EL SALVADOR,OTHER,Deny/Referral,9/28/18,2021-05-28T05:03:58.000Z
(b)(6),ZAR,MEXICO,OTHER,Admin Close/Dismissal,10/24/18,2021-05-28T05:04:42.000Z
(b)(6),ZAR,EL SALVADOR,OTHER,Admin Close/Dismissal,7/16/18,2021-05-28T05:04:42.000Z
(b)(6),ZAR,EL SALVADOR,OTHER,Deny/Referral,8/5/20,2021-05-28T05:03:59.000Z
(b)(6),ZAR,ETHIOPIA,OTHER,Deny/Referral,4/26/18,2021-05-28T05:03:59.000Z
(b)(6),ZAR,EL SALVADOR,UNKNOWN,Admin Close/Dismissal,6/18/18,2021-05-28T05:04:42.000Z
(b)(6),ZAR,GUATEMALA,OTHER,Admin Close/Dismissal,4/30/20,2021-05-28T05:04:45.000Z
(b)(6),ZAR,EL SALVADOR,OTHER,Admin Close/Dismissal,5/18/18,2021-05-28T05:04:44.000Z
(b)(6),ZAR,VENEZUELA,OTHER,Grant,8/31/18,2021-05-28T05:04:42.000Z
(b)(6),ZAR,EL SALVADOR,OTHER,Deny/Referral,11/15/18,2021-05-28T05:03:53.000Z
(b)(6),ZAR,ETHIOPIA,OTHER,Grant,7/5/18,2021-05-28T05:04:42.000Z
(b)(6),ZAR,ISRAEL,OTHER,Grant,4/15/21,2021-05-28T05:03:59.000Z
(b)(6),ZAR,UKRAINE,OTHER,Deny/Referral,2/23/21,2021-05-28T05:03:59.000Z
(b)(6),ZAR,CAMEROON,OTHER,Grant,8/1/18,2021-05-28T05:04:42.000Z
(b)(6),ZAR,MEXICO,OTHER,Deny/Referral,10/4/18,2021-05-28T05:04:00.000Z
(b)(6),ZAR,NIGERIA,OTHER,Deny/Referral,11/6/19,2021-05-28T05:04:00.000Z
(b)(6),ZAR,NIGERIA,OTHER,Grant,9/25/18,2021-05-28T05:04:42.000Z
(b)(6),ZAR,MEXICO,OTHER,Deny/Referral,11/21/18,2021-05-28T05:04:00.000Z
(b)(6),ZAR,MEXICO,OTHER,Deny/Referral,1/31/18,2021-05-28T05:04:00.000Z
(b)(6),ZAR,MEXICO,OTHER,Deny/Referral,2/26/20,2021-05-28T05:04:00.000Z
(b)(6),ZAR,MEXICO,OTHER,Deny/Referral,8/29/18,2021-05-28T05:03:54.000Z
(b)(6),ZAR,CAMEROON,OTHER,Deny/Referral,12/7/20,2021-05-28T05:04:00.000Z
(b)(6),ZAR,MEXICO,OTHER,Deny/Referral,3/14/18,2021-05-28T05:03:54.000Z
(b)(6),ZAR,MEXICO,OTHER,Admin Close/Dismissal,7/1/19,2021-05-28T05:04:45.000Z
(b)(6),ZAR,MEXICO,OTHER,Deny/Referral,5/22/18,2021-05-28T05:04:00.000Z
(b)(6),ZAR,MEXICO,OTHER,Deny/Referral,3/20/18,2021-05-28T05:04:00.000Z
(b)(6),ZAR,MEXICO,OTHER,Deny/Referral,3/28/18,2021-05-28T05:03:54.000Z
(b)(6),ZMI,VENEZUELA,OTHER,Deny/Referral,2/8/19,2021-05-28T05:03:54.000Z
(b)(6),ZMI,GUATEMALA,OTHER,Deny/Referral,9/25/19,2021-05-28T05:04:01.000Z
(b)(6),ZLA,EGYPT,OTHER,Grant,2/14/19,2021-05-28T05:04:42.000Z
(b)(6),ZSF,PERU,OTHER,Deny/Referral,12/17/18,2021-05-28T05:03:54.000Z
(b)(6),ZMI,COLOMBIA,OTHER,Deny/Referral,12/3/18,2021-05-28T05:04:01.000Z
(b)(6),ZMI,GUATEMALA,OTHER,Admin Close/Dismissal,11/27/19,2021-05-28T05:04:44.000Z
(b)(6),ZMI,GUATEMALA,OTHER,Admin Close/Dismissal,11/27/19,2021-05-28T05:04:44.000Z
(b)(6),ZHN,GUATEMALA,OTHER,Deny/Referral,10/15/20,2021-05-28T05:03:57.000Z
(b)(6),ZOL,GUATEMALA,OTHER,Admin Close/Dismissal,8/21/18,2021-05-28T05:04:45.000Z
(b)(6),ZMI,MEXICO,OTHER,Deny/Referral,11/2/18,2021-05-28T05:04:03.000Z
(b)(6),ZMI,VENEZUELA,OTHER,Grant,3/29/18,2021-05-28T05:04:15.000Z
(b)(6),ZMI,GUATEMALA,OTHER,Deny/Referral,11/7/18,2021-05-28T05:04:08.000Z
(b)(6),ZCH,HONDURAS,OTHER,Admin Close/Dismissal,2/27/20,2021-05-28T05:04:08.000Z
(b)(6),ZMI,MEXICO,OTHER,Deny/Referral,10/23/17,2021-05-28T05:04:03.000Z
(b)(6),ZHN,EL SALVADOR,OTHER,Admin Close/Dismissal,9/27/18,2021-05-28T05:04:45.000Z
(b)(6),ZCH,GUATEMALA,OTHER,Admin Close/Dismissal,11/2/20,2021-05-28T05:04:45.000Z
(b)(6),ZOL,MEXICO,OTHER,Deny/Referral,6/17/16,2021-05-28T05:04:04.000Z
(b)(6),ZMI,HONDURAS,OTHER,Admin Close/Dismissal,1/10/19,2021-05-28T05:04:45.000Z
(b)(6),ZHN,HONDURAS,OTHER,Admin Close/Dismissal,2/1/19,2021-05-28T05:04:37.000Z
(b)(6),ZMI,BRAZIL,OTHER,Deny/Referral,10/31/19,2021-05-28T05:04:07.000Z
(b)(6),ZMI,GUATEMALA,OTHER,Deny/Referral,4/30/19,2021-05-28T05:03:46.000Z
(b)(6),ZMI,COLOMBIA,OTHER,Grant,5/25/17,2021-05-28T05:04:29.000Z
(b)(6),ZMI,COLOMBIA,OTHER,Grant,5/25/17,2021-05-28T05:04:29.000Z
(b)(6),ZOL,KYRGYZSTAN,OTHER,Grant,3/26/20,2021-05-28T05:04:08.000Z
(b)(6),ZMI,VENEZUELA,OTHER,Grant,11/30/18,2021-05-28T05:04:18.000Z
(b)(6),ZMI,VENEZUELA,OTHER,Deny/Referral,11/8/18,2021-05-28T05:03:47.000Z
(b)(6),ZCH,GUATEMALA,OTHER,Deny/Referral,2/13/17,2021-05-28T05:03:47.000Z
(b)(6),ZCH,GUATEMALA,OTHER,Grant,6/10/16,2021-05-28T05:04:35.000Z
(b)(6),ZMI,GUATEMALA,OTHER,Deny/Referral,11/22/16,2021-05-28T05:03:47.000Z
(b)(6),ZMI,GUATEMALA,OTHER,Deny/Referral,5/7/18,2021-05-28T05:03:47.000Z
(b)(6),ZCH,HONDURAS,OTHER,Deny/Referral,5/17/16,2021-05-28T05:04:09.000Z
(b)(6),ZHN,EL SALVADOR,OTHER,Deny/Referral,5/3/17,2021-05-28T05:03:47.000Z
(b)(6),ZHN,EL SALVADOR,OTHER,Deny/Referral,1/6/16,2021-05-28T05:03:47.000Z
(b)(6),ZOL,EL SALVADOR,OTHER,Admin Close/Dismissal,4/12/16,2021-05-28T05:04:22.000Z
(b)(6),ZOL,GUATEMALA,OTHER,Deny/Referral,4/27/16,2021-05-28T05:04:16.000Z
(b)(6),ZHN,HONDURAS,OTHER,Admin Close/Dismissal,4/13/18,2021-05-28T05:04:17.000Z
(b)(6),ZCH,GUATEMALA,OTHER,Grant,12/27/18,2021-05-28T05:04:19.000Z
(b)(6),ZOL,GUATEMALA,OTHER,Deny/Referral,4/21/17,2021-05-28T05:04:16.000Z
(b)(6),ZCH,SYRIA,OTHER,Grant,12/30/16,2021-05-28T05:04:25.000Z
(b)(6),ZCH,SYRIA,OTHER,Grant,4/12/16,2021-05-28T05:04:23.000Z
(b)(6),ZCH,"CHINA, PEOPLE'S REPUBLIC OF",OTHER,Admin Close/Dismissal,7/7/16,2021-05-28T05:04:35.000Z
(b)(6),ZOL,GUATEMALA,OTHER,Deny/Referral,8/4/16,2021-05-28T05:04:16.000Z
(b)(6),ZCH,EL SALVADOR,OTHER,Deny/Referral,5/17/17,2021-05-28T05:03:47.000Z
(b)(6),ZMI,MEXICO,OTHER,Deny/Referral,1/28/19,2021-05-28T05:03:48.000Z
(b)(6),ZOL,EGYPT,OTHER,Grant,6/16/17,2021-05-28T05:04:35.000Z
(b)(6),ZOL,HONDURAS,OTHER,Grant,11/6/17,2021-05-28T05:04:20.000Z
(b)(6),ZOL,IRAQ,OTHER,Grant,7/11/16,2021-05-28T05:04:27.000Z
(b)(6),ZMI,GUATEMALA,OTHER,Grant,6/14/16,2021-05-28T05:04:23.000Z
(b)(6),ZMI,GUATEMALA,OTHER,Admin Close/Dismissal,2/14/18,2021-05-28T05:04:08.000Z
(b)(6),ZCH,CAMEROON,OTHER,Grant,8/31/17,2021-05-28T05:04:28.000Z
(b)(6),ZMI,MEXICO,OTHER,Deny/Referral,3/15/18,2021-05-28T05:03:48.000Z
(b)(6),ZCH,HONDURAS,OTHER,Grant,5/10/16,2021-05-28T05:04:35.000Z
(b)(6),ZOL,EL SALVADOR,OTHER,Deny/Referral,4/5/17,2021-05-28T05:03:48.000Z
(b)(6),ZMI,CUBA,OTHER,Admin Close/Dismissal,5/18/16,2021-05-28T05:04:28.000Z
(b)(6),ZCH,"CHINA, PEOPLE'S REPUBLIC OF",OTHER,Admin Close/Dismissal,6/13/16,2021-05-28T05:03:50.000Z
(b)(6),ZCH,MONGOLIA,OTHER,Deny/Referral,5/16/16,2021-05-28T05:03:48.000Z
(b)(6),ZCH,IRAQ,OTHER,Admin Close/Dismissal,6/23/16,2021-05-28T05:04:35.000Z
(b)(6),ZMI,EGYPT,OTHER,Grant,11/3/16,2021-05-28T05:04:24.000Z
(b)(6),ZOL,HONDURAS,OTHER,Deny/Referral,8/2/17,2021-05-28T05:04:17.000Z
(b)(6),ZMI,VENEZUELA,OTHER,Deny/Referral,2/6/18,2021-05-28T05:04:17.000Z
(b)(6),ZMI,VENEZUELA,OTHER,Grant,2/1/18,2021-05-28T05:04:23.000Z
(b)(6),ZMI,MEXICO,OTHER,Deny/Referral,10/3/17,2021-05-28T05:03:48.000Z
(b)(6),ZMI,UZBEKISTAN,OTHER,Admin Close/Dismissal,2/23/16,2021-05-28T05:04:35.000Z
(b)(6),ZHN,IRAQ,OTHER,Grant,12/19/17,2021-05-28T05:04:20.000Z
(b)(6),ZHN,MEXICO,OTHER,Admin Close/Dismissal,5/1/20,2021-05-28T05:04:08.000Z
(b)(6),ZHN,HONDURAS,UNKNOWN,Deny/Referral,11/3/17,2021-05-28T05:03:48.000Z
(b)(6),ZOL,"CHINA, PEOPLE'S REPUBLIC OF",OTHER,Deny/Referral,12/21/16,2021-05-28T05:03:48.000Z
(b)(6),ZMI,MEXICO,OTHER,Deny/Referral,10/29/18,2021-05-28T05:03:48.000Z
(b)(6),ZMI,HONDURAS,OTHER,Admin Close/Dismissal,3/27/18,2021-05-28T05:04:01.000Z
(b)(6),ZHN,HONDURAS,OTHER,Deny/Referral,1/26/18,2021-05-28T05:04:17.000Z
(b)(6),ZCH,ALGERIA,OTHER,Grant,10/27/20,2021-05-28T05:04:45.000Z
(b)(6),ZCH,INDIA,OTHER,Admin Close/Dismissal,11/2/16,2021-05-28T05:04:21.000Z
(b)(6),ZCH,"CHINA, PEOPLE'S REPUBLIC OF",OTHER,Deny/Referral,2/6/17,2021-05-28T05:03:48.000Z
(b)(6),ZCH,"CHINA, PEOPLE'S REPUBLIC OF",OTHER,Deny/Referral,2/23/17,2021-05-28T05:04:17.000Z
(b)(6),ZCH,ZIMBABWE,OTHER,Deny/Referral,5/4/21,2021-05-28T05:04:17.000Z
(b)(6),ZOL,COLOMBIA,OTHER,Grant,11/30/17,2021-05-28T05:04:16.000Z
(b)(6),ZCH,GUATEMALA,OTHER,Deny/Referral,5/3/16,2021-05-28T05:03:49.000Z
(b)(6),ZMI,EL SALVADOR,OTHER,Grant,2/10/16,2021-05-28T05:04:28.000Z
(b)(6),ZMI,EL SALVADOR,OTHER,Grant,2/10/16,2021-05-28T05:04:28.000Z
(b)(6),ZMI,HONDURAS,OTHER,Deny/Referral,11/23/15,2021-05-28T05:04:17.000Z
(b)(6),ZCH,GUATEMALA,OTHER,Grant,10/19/20,2021-05-28T05:04:12.000Z
(b)(6),ZCH,ROMANIA,OTHER,Deny/Referral,4/5/18,2021-05-28T05:03:49.000Z
(b)(6),ZCH,IRAQ,OTHER,Deny/Referral,9/10/20,2021-05-28T05:03:49.000Z
(b)(6),ZMI,VENEZUELA,OTHER,Admin Close/Dismissal,8/2/19,2021-05-28T05:04:33.000Z
(b)(6),ZMI,MEXICO,OTHER,Admin Close/Dismissal,2/26/19,2021-05-28T05:04:45.000Z
(b)(6),ZOL,MEXICO,OTHER,Deny/Referral,8/24/17,2021-05-28T05:03:49.000Z
(b)(6),ZOL,MEXICO,OTHER,Deny/Referral,2/12/16,2021-05-28T05:04:08.000Z
(b)(6),ZHN,SYRIA,OTHER,Grant,3/1/16,2021-05-28T05:04:16.000Z
(b)(6),ZHN,SYRIA,OTHER,Grant,3/1/16,2021-05-28T05:04:16.000Z
(b)(6),ZMI,VENEZUELA,OTHER,Admin Close/Dismissal,4/19/19,2021-05-28T05:03:48.000Z
(b)(6),ZMI,EL SALVADOR,OTHER,Grant,12/14/15,2021-05-28T05:04:08.000Z
(b)(6),ZMI,EL SALVADOR,OTHER,Grant,12/14/15,2021-05-28T05:04:08.000Z
(b)(6),ZMI,EL SALVADOR,OTHER,Deny/Referral,12/22/15,2021-05-28T05:03:49.000Z
(b)(6),ZCH,GUATEMALA,OTHER,Grant,2/9/17,2021-05-28T05:04:25.000Z
(b)(6),ZMI,HONDURAS,OTHER,Deny/Referral,3/16/16,2021-05-28T05:03:49.000Z
(b)(6),ZOL,HONDURAS,OTHER,Deny/Referral,6/28/17,2021-05-28T05:03:49.000Z
(b)(6),ZMI,GUATEMALA,OTHER,Deny/Referral,6/23/16,2021-05-28T05:03:49.000Z
(b)(6),ZMI,GUATEMALA,OTHER,Deny/Referral,4/24/19,2021-05-28T05:03:49.000Z
(b)(6),ZMI,GUATEMALA,OTHER,Admin Close/Dismissal,9/30/17,2021-05-28T05:04:33.000Z
(b)(6),ZHN,EL SALVADOR,OTHER,Grant,4/10/17,2021-05-28T05:04:20.000Z
(b)(6),ZHN,EL SALVADOR,OTHER,Grant,4/10/17,2021-05-28T05:04:20.000Z
(b)(6),ZMI,HONDURAS,OTHER,Admin Close/Dismissal,10/14/20,2021-05-28T05:04:45.000Z
(b)(6),ZCH,KYRGYZSTAN,OTHER,Grant,4/27/17,2021-05-28T05:04:25.000Z
(b)(6),ZOL,EL SALVADOR,OTHER,Deny/Referral,10/7/16,2021-05-28T05:04:17.000Z
(b)(6),ZMI,HONDURAS,OTHER,Grant,12/20/17,2021-05-28T05:04:21.000Z
(b)(6),ZMI,HONDURAS,OTHER,Grant,12/20/17,2021-05-28T05:04:21.000Z
(b)(6),ZOL,HONDURAS,OTHER,Grant,4/11/17,2021-05-28T05:04:25.000Z
(b)(6),ZOL,HONDURAS,OTHER,Grant,4/11/17,2021-05-28T05:04:25.000Z
(b)(6),ZMI,GUATEMALA,OTHER,Deny/Referral,3/22/16,2021-05-28T05:03:49.000Z
(b)(6),ZHN,MOLDOVA,OTHER,Deny/Referral,10/13/17,2021-05-28T05:03:49.000Z
(b)(6),ZOL,IRAQ,OTHER,Admin Close/Dismissal,3/1/16,2021-05-28T05:04:35.000Z
(b)(6),ZHN,IRAN,OTHER,Grant,7/6/17,2021-05-28T05:04:21.000Z
(b)(6),ZOL,HONDURAS,OTHER,Deny/Referral,6/28/17,2021-05-28T05:03:49.000Z
(b)(6),ZMI,HONDURAS,OTHER,Admin Close/Dismissal,7/10/18,2021-05-28T05:04:35.000Z
(b)(6),ZMI,HAITI,OTHER,Admin Close/Dismissal,12/14/17,2021-05-28T05:04:23.000Z
(b)(6),ZMI,HAITI,OTHER,Admin Close/Dismissal,10/3/18,2021-05-28T05:04:08.000Z
(b)(6),ZHN,HONDURAS,OTHER,Grant,11/25/15,2021-05-28T05:04:35.000Z
(b)(6),ZHN,HONDURAS,OTHER,Grant,11/25/15,2021-05-28T05:04:35.000Z
(b)(6),ZHN,LIBYA,OTHER,Admin Close/Dismissal,5/19/16,2021-05-28T05:04:22.000Z
(b)(6),ZHN,MEXICO,OTHER,Admin Close/Dismissal,2/8/16,2021-05-28T05:04:35.000Z
(b)(6),ZHN,IRAQ,OTHER,Admin Close/Dismissal,10/20/17,2021-05-28T05:04:24.000Z
(b)(6),ZMI,EGYPT,OTHER,Admin Close/Dismissal,11/28/16,2021-05-28T05:04:18.000Z
(b)(6),ZMI,HAITI,OTHER,Deny/Referral,1/25/18,2021-05-28T05:04:08.000Z
(b)(6),ZMI,MEXICO,OTHER,Deny/Referral,12/7/18,2021-05-28T05:03:50.000Z
(b)(6),ZHN,IRAQ,OTHER,Deny/Referral,11/2/17,2021-05-28T05:04:18.000Z
(b)(6),ZHN,IRAN,OTHER,Grant,2/27/18,2021-05-28T05:04:23.000Z
(b)(6),ZHN,IRAN,OTHER,Admin Close/Dismissal,6/2/20,2021-05-28T05:04:45.000Z
(b)(6),ZCH,YEMEN,OTHER,Admin Close/Dismissal,9/21/17,2021-05-28T05:04:23.000Z
(b)(6),ZCH,IRAQ,OTHER,Grant,10/12/17,2021-05-28T05:04:35.000Z
(b)(6),ZMI,MEXICO,OTHER,Deny/Referral,11/29/18,2021-05-28T05:03:50.000Z
(b)(6),ZOL,SYRIA,OTHER,Grant,11/2/19,2021-05-28T05:04:31.000Z
(b)(6),ZMI,HAITI,OTHER,Admin Close/Dismissal,4/6/18,2021-05-28T05:04:25.000Z
(b)(6),ZCH,MAURITANIA,OTHER,Deny/Referral,9/8/17,2021-05-28T05:03:50.000Z
(b)(6),ZCH,BURKINA FASO,OTHER,Grant,7/7/20,2021-05-28T05:04:17.000Z
(b)(6),ZHN,EL SALVADOR,OTHER,Deny/Referral,2/14/18,2021-05-28T05:04:18.000Z
(b)(6),ZCH,GUATEMALA,OTHER,Deny/Referral,5/27/16,2021-05-28T05:03:50.000Z
(b)(6),ZMI,GUATEMALA,OTHER,Deny/Referral,5/3/17,2021-05-28T05:04:18.000Z
(b)(6),ZCH,GUATEMALA,OTHER,Deny/Referral,1/10/18,2021-05-28T05:03:50.000Z
(b)(6),ZMI,GUATEMALA,OTHER,Deny/Referral,9/5/18,2021-05-28T05:04:08.000Z
(b)(6),ZCH,BENIN,OTHER,Grant,9/15/17,2021-05-28T05:04:26.000Z
(b)(6),ZCH,KYRGYZSTAN,OTHER,Grant,9/25/19,2021-05-28T05:03:44.000Z
(b)(6),ZCH,SERBIA AND MONTENEGRO,OTHER,Admin Close/Dismissal,5/7/18,2021-05-28T05:04:35.000Z
(b)(6),ZCH,KENYA,OTHER,Deny/Referral,6/6/18,2021-05-28T05:03:51.000Z
(b)(6),ZCH,VENEZUELA,OTHER,Grant,11/20/17,2021-05-28T05:04:17.000Z
(b)(6),ZCH,"CHINA, PEOPLE'S REPUBLIC OF",OTHER,Grant,8/31/17,2021-05-28T05:04:35.000Z
(b)(6),ZCH,GUATEMALA,OTHER,Grant,2/5/20,2021-05-28T05:04:40.000Z
(b)(6),ZMI,GUATEMALA,OTHER,Grant,7/21/17,2021-05-28T05:04:17.000Z
(b)(6),ZMI,GUATEMALA,OTHER,Grant,7/21/17,2021-05-28T05:04:17.000Z
(b)(6),ZMI,GUATEMALA,OTHER,Deny/Referral,8/22/17,2021-05-28T05:03:51.000Z
(b)(6),ZOL,EL SALVADOR,OTHER,Deny/Referral,7/11/16,2021-05-28T05:04:18.000Z
(b)(6),ZHN,EL SALVADOR,OTHER,Deny/Referral,6/7/18,2021-05-28T05:03:51.000Z
(b)(6),ZHN,HONDURAS,OTHER,Admin Close/Dismissal,5/15/20,2021-05-28T05:03:51.000Z
(b)(6),ZHN,EL SALVADOR,OTHER,Deny/Referral,11/17/17,2021-05-28T05:03:51.000Z
(b)(6),ZOL,EL SALVADOR,OTHER,Deny/Referral,3/31/16,2021-05-28T05:04:19.000Z
(b)(6),ZMI,GUATEMALA,UNKNOWN,Deny/Referral,3/14/17,2021-05-28T05:04:19.000Z
(b)(6),ZMI,HONDURAS,OTHER,Admin Close/Dismissal,11/14/19,2021-05-28T05:04:17.000Z
(b)(6),ZHN,EL SALVADOR,OTHER,Deny/Referral,9/23/16,2021-05-28T05:04:19.000Z
(b)(6),ZOL,IRAQ,OTHER,Grant,1/19/18,2021-05-28T05:04:08.000Z
(b)(6),ZOL,SYRIA,OTHER,Grant,12/10/16,2021-05-28T05:04:36.000Z
(b)(6),ZHN,MEXICO,OTHER,Admin Close/Dismissal,7/18/17,2021-05-28T05:04:21.000Z
(b)(6),ZHN,BURKINA FASO,OTHER,Grant,12/1/17,2021-05-28T05:04:25.000Z
(b)(6),ZCH,IRAQ,ARMENIAN,Deny/Referral,10/19/16,2021-05-28T05:03:51.000Z
(b)(6),ZCH,"CHINA, PEOPLE'S REPUBLIC OF",OTHER,Grant,8/12/19,2021-05-28T05:04:37.000Z
(b)(6),ZCH,PAKISTAN,OTHER,Grant,1/19/18,2021-05-28T05:04:08.000Z
(b)(6),ZCH,UGANDA,OTHER,Grant,9/7/18,2021-05-28T05:04:08.000Z
(b)(6),ZCH,YEMEN,OTHER,Admin Close/Dismissal,11/17/20,2021-05-28T05:04:21.000Z
(b)(6),ZCH,TAJIKISTAN,OTHER,Deny/Referral,8/4/20,2021-05-28T05:04:09.000Z
(b)(6),ZOL,EL SALVADOR,OTHER,Admin Close/Dismissal,4/14/16,2021-05-28T05:04:23.000Z
(b)(6),ZHN,EL SALVADOR,OTHER,Deny/Referral,10/13/16,2021-05-28T05:03:51.000Z
(b)(6),ZMI,GUATEMALA,OTHER,Deny/Referral,2/6/17,2021-05-28T05:03:51.000Z
(b)(6),ZCH,DEM REP OF THE CONGO,OTHER,Deny/Referral,3/16/20,2021-05-28T05:04:21.000Z
(b)(6),ZHN,EL SALVADOR,OTHER,Deny/Referral,9/22/16,2021-05-28T05:03:51.000Z
(b)(6),ZHN,EL SALVADOR,OTHER,Deny/Referral,8/7/17,2021-05-28T05:03:51.000Z
(b)(6),ZMI,GUATEMALA,OTHER,Admin Close/Dismissal,10/30/18,2021-05-28T05:04:20.000Z
(b)(6),ZMI,GUATEMALA,OTHER,Deny/Referral,3/8/17,2021-05-28T05:03:51.000Z
(b)(6),ZCH,VENEZUELA,OTHER,Grant,5/20/21,2021-05-28T05:03:51.000Z
(b)(6),ZMI,SYRIA,OTHER,Admin Close/Dismissal,7/3/18,2021-05-28T05:04:22.000Z
(b)(6),ZMI,VENEZUELA,OTHER,Admin Close/Dismissal,6/12/19,2021-05-28T05:04:30.000Z
(b)(6),ZHN,JORDAN,OTHER,Deny/Referral,4/24/18,2021-05-28T05:03:52.000Z
(b)(6),ZOL,EL SALVADOR,OTHER,Grant,4/20/18,2021-05-28T05:04:23.000Z
(b)(6),ZMI,EL SALVADOR,OTHER,Grant,2/7/17,2021-05-28T05:04:21.000Z
(b)(6),ZMI,HONDURAS,OTHER,Deny/Referral,7/12/18,2021-05-28T05:03:52.000Z
(b)(6),ZHN,SYRIA,OTHER,Grant,3/27/20,2021-05-28T05:03:50.000Z
(b)(6),ZOL,VENEZUELA,OTHER,Grant,11/27/17,2021-05-28T05:04:26.000Z
(b)(6),ZOL,VENEZUELA,OTHER,Grant,11/27/17,2021-05-28T05:04:26.000Z
(b)(6),ZOL,MEXICO,OTHER,Deny/Referral,11/1/17,2021-05-28T05:04:16.000Z
(b)(6),ZOL,VENEZUELA,OTHER,Grant,10/26/17,2021-05-28T05:04:28.000Z
(b)(6),ZHN,IRAN,OTHER,Grant,5/3/18,2021-05-28T05:04:23.000Z
(b)(6),ZMI,SYRIA,OTHER,Deny/Referral,5/15/18,2021-05-28T05:03:52.000Z
(b)(6),ZMI,MEXICO,OTHER,Deny/Referral,4/5/19,2021-05-28T05:03:52.000Z
(b)(6),ZMI,EL SALVADOR,OTHER,Deny/Referral,7/24/18,2021-05-28T05:03:52.000Z
(b)(6),ZCH,HAITI,OTHER,Deny/Referral,3/11/20,2021-05-28T05:03:52.000Z
(b)(6),ZMI,VENEZUELA,OTHER,Admin Close/Dismissal,12/4/19,2021-05-28T05:04:22.000Z
(b)(6),ZCH,HAITI,OTHER,Grant,8/31/18,2021-05-28T05:04:16.000Z
(b)(6),ZMI,VENEZUELA,OTHER,Admin Close/Dismissal,11/8/18,2021-05-28T05:04:19.000Z
(b)(6),ZMI,GUATEMALA,OTHER,Deny/Referral,4/9/19,2021-05-28T05:03:52.000Z
(b)(6),ZMI,INDIA,INDIAN,Deny/Referral,4/5/19,2021-05-28T05:03:52.000Z
(b)(6),ZMI,VENEZUELA,OTHER,Admin Close/Dismissal,11/29/19,2021-05-28T05:04:44.000Z
(b)(6),ZMI,GUATEMALA,OTHER,Admin Close/Dismissal,5/9/19,2021-05-28T05:04:45.000Z
(b)(6),ZMI,MEXICO,OTHER,Deny/Referral,4/1/19,2021-05-28T05:04:45.000Z
(b)(6),ZAR,VENEZUELA,OTHER,Grant,5/18/20,2021-05-28T05:04:17.000Z
(b)(6),ZHN,EL SALVADOR,OTHER,Deny/Referral,10/30/17,2021-05-28T05:03:53.000Z
(b)(6),ZHN,EL SALVADOR,OTHER,Deny/Referral,3/14/17,2021-05-28T05:03:53.000Z
(b)(6),ZMI,HONDURAS,OTHER,Deny/Referral,8/14/18,2021-05-28T05:03:54.000Z
(b)(6),ZHN,GHANA,OTHER,Admin Close/Dismissal,3/29/17,2021-05-28T05:04:21.000Z
(b)(6),ZMI,EL SALVADOR,OTHER,Admin Close/Dismissal,7/13/18,2021-05-28T05:04:27.000Z
(b)(6),ZHN,BURUNDI,OTHER,Deny/Referral,2/9/18,2021-05-28T05:04:17.000Z
(b)(6),ZCH,EL SALVADOR,OTHER,Admin Close/Dismissal,11/21/19,2021-05-28T05:04:45.000Z
(b)(6),ZCH,BURMA,OTHER,Grant,3/27/19,2021-05-28T05:03:45.000Z
(b)(6),ZCH,UKRAINE,OTHER,Admin Close/Dismissal,10/23/19,2021-05-28T05:04:44.000Z
(b)(6),ZCH,SYRIA,OTHER,Admin Close/Dismissal,2/28/20,2021-05-28T05:04:09.000Z
(b)(6),ZHN,EL SALVADOR,OTHER,Deny/Referral,7/18/17,2021-05-28T05:04:09.000Z
(b)(6),ZMI,BRAZIL,OTHER,Deny/Referral,3/13/19,2021-05-28T05:04:09.000Z
(b)(6),ZOL,MEXICO,OTHER,Deny/Referral,12/11/17,2021-05-28T05:04:09.000Z
(b)(6),ZMI,MEXICO,OTHER,Deny/Referral,3/12/19,2021-05-28T05:04:09.000Z
(b)(6),ZMI,GUATEMALA,OTHER,Admin Close/Dismissal,4/8/19,2021-05-28T05:04:45.000Z
(b)(6),ZMI,GUATEMALA,OTHER,Deny/Referral,11/15/17,2021-05-28T05:04:17.000Z
(b)(6),ZMI,GUATEMALA,OTHER,Deny/Referral,6/24/19,2021-05-28T05:04:10.000Z
(b)(6),ZCH,SOUTH SUDAN,OTHER,Grant,11/28/18,2021-05-28T05:04:29.000Z
(b)(6),ZMI,GUATEMALA,OTHER,Admin Close/Dismissal,1/18/18,2021-05-28T05:04:23.000Z
(b)(6),ZCH,EL SALVADOR,OTHER,Deny/Referral,2/14/18,2021-05-28T05:04:10.000Z
(b)(6),ZHN,HONDURAS,OTHER,Deny/Referral,12/13/17,2021-05-28T05:04:11.000Z
(b)(6),ZHN,EL SALVADOR,OTHER,Deny/Referral,11/22/17,2021-05-28T05:04:10.000Z
(b)(6),ZHN,EL SALVADOR,OTHER,Deny/Referral,3/1/17,2021-05-28T05:04:10.000Z
(b)(6),ZOL,HONDURAS,OTHER,Admin Close/Dismissal,4/26/18,2021-05-28T05:04:36.000Z
(b)(6),ZMI,NICARAGUA,OTHER,Grant,2/20/18,2021-05-28T05:04:10.000Z
(b)(6),ZHN,EGYPT,OTHER,Grant,4/2/18,2021-05-28T05:04:24.000Z
(b)(6),ZMI,GUATEMALA,OTHER,Deny/Referral,2/25/19,2021-05-28T05:04:10.000Z
(b)(6),ZMI,GUATEMALA,OTHER,Admin Close/Dismissal,3/11/19,2021-05-28T05:04:45.000Z
(b)(6),ZMI,VENEZUELA,OTHER,Admin Close/Dismissal,11/29/19,2021-05-28T05:04:42.000Z
(b)(6),ZMI,HAITI,OTHER,Admin Close/Dismissal,2/9/21,2021-05-28T05:04:10.000Z
(b)(6),ZCH,TURKEY,OTHER,Grant,2/25/21,2021-05-28T05:04:45.000Z
(b)(6),ZCH,GUATEMALA,OTHER,Deny/Referral,7/30/19,2021-05-28T05:04:10.000Z
(b)(6),ZHN,HONDURAS,OTHER,Admin Close/Dismissal,7/26/18,2021-05-28T05:04:36.000Z
(b)(6),ZHN,HONDURAS,OTHER,Grant,2/12/20,2021-05-28T05:04:44.000Z
(b)(6),ZHN,GUATEMALA,OTHER,Deny/Referral,6/13/17,2021-05-28T05:04:11.000Z
(b)(6),ZMI,VENEZUELA,OTHER,Admin Close/Dismissal,12/27/19,2021-05-28T05:04:44.000Z
(b)(6),ZMI,MEXICO,OTHER,Deny/Referral,1/10/19,2021-05-28T05:04:45.000Z
(b)(6),ZMI,HAITI,OTHER,Grant,1/26/18,2021-05-28T05:04:08.000Z
(b)(6),ZMI,VENEZUELA,OTHER,Admin Close/Dismissal,2/5/18,2021-05-28T05:04:36.000Z
(b)(6),ZMI,EL SALVADOR,OTHER,Admin Close/Dismissal,2/4/19,2021-05-28T05:04:15.000Z
(b)(6),ZMI,GUATEMALA,OTHER,Deny/Referral,7/11/18,2021-05-28T05:04:11.000Z
(b)(6),ZOL,GUATEMALA,OTHER,Grant,2/16/18,2021-05-28T05:04:36.000Z
(b)(6),ZCH,VIETNAM,OTHER,Admin Close/Dismissal,8/10/18,2021-05-28T05:04:26.000Z
(b)(6),ZCH,ETHIOPIA,OTHER,Grant,2/22/18,2021-05-28T05:04:25.000Z
(b)(6),ZCH,UKRAINE,OTHER,Deny/Referral,2/18/20,2021-05-28T05:04:11.000Z
(b)(6),ZOL,VENEZUELA,OTHER,Grant,8/14/18,2021-05-28T05:04:21.000Z
(b)(6),ZMI,EL SALVADOR,OTHER,Deny/Referral,11/2/18,2021-05-28T05:04:12.000Z
(b)(6),ZOL,HONDURAS,OTHER,Admin Close/Dismissal,7/21/20,2021-05-28T05:04:39.000Z
(b)(6),ZMI,EL SALVADOR,OTHER,Admin Close/Dismissal,1/22/18,2021-05-28T05:04:28.000Z
(b)(6),ZHN,EL SALVADOR,OTHER,Deny/Referral,7/11/17,2021-05-28T05:04:19.000Z
(b)(6),ZMI,GUATEMALA,OTHER,Admin Close/Dismissal,1/19/18,2021-05-28T05:03:49.000Z
(b)(6),ZHN,HONDURAS,OTHER,Deny/Referral,2/21/18,2021-05-28T05:04:14.000Z
(b)(6),ZCH,INDIA,INDIAN,Deny/Referral,3/23/20,2021-05-28T05:04:13.000Z
(b)(6),ZMI,GUATEMALA,OTHER,Deny/Referral,11/2/18,2021-05-28T05:04:45.000Z
(b)(6),ZMI,MEXICO,OTHER,Deny/Referral,10/25/18,2021-05-28T05:04:13.000Z
(b)(6),ZMI,BELARUS,OTHER,Admin Close/Dismissal,10/30/18,2021-05-28T05:04:36.000Z
(b)(6),ZMI,PERU,OTHER,Deny/Referral,10/16/18,2021-05-28T05:04:14.000Z
(b)(6),ZHN,GUATEMALA,OTHER,Admin Close/Dismissal,5/13/20,2021-05-28T05:04:45.000Z
(b)(6),ZHN,VENEZUELA,OTHER,Deny/Referral,5/15/18,2021-05-28T05:04:14.000Z
(b)(6),ZMI,VENEZUELA,OTHER,Deny/Referral,5/24/18,2021-05-28T05:04:14.000Z
(b)(6),ZMI,VENEZUELA,OTHER,Deny/Referral,6/1/18,2021-05-28T05:04:14.000Z
(b)(6),ZMI,VENEZUELA,OTHER,Grant,7/2/18,2021-05-28T05:04:15.000Z
(b)(6),ZMI,HAITI,OTHER,Deny/Referral,9/10/20,2021-05-28T05:04:14.000Z
(b)(6),ZCH,SRI LANKA,OTHER,Grant,6/25/18,2021-05-28T05:04:36.000Z
(b)(6),ZCH,MEXICO,OTHER,Deny/Referral,7/13/18,2021-05-28T05:04:14.000Z
(b)(6),ZHN,NIGERIA,OTHER,Deny/Referral,6/12/18,2021-05-28T05:04:14.000Z
(b)(6),ZMI,VENEZUELA,OTHER,Deny/Referral,8/6/18,2021-05-28T05:04:00.000Z
(b)(6),ZMI,VENEZUELA,OTHER,Deny/Referral,8/6/18,2021-05-28T05:04:00.000Z
(b)(6),ZMI,HAITI,OTHER,Deny/Referral,6/29/18,2021-05-28T05:04:45.000Z
(b)(6),ZMI,MEXICO,OTHER,Deny/Referral,7/17/18,2021-05-28T05:04:14.000Z
(b)(6),ZMI,VENEZUELA,OTHER,Grant,7/27/18,2021-05-28T05:04:36.000Z
(b)(6),ZMI,HAITI,OTHER,Deny/Referral,7/25/18,2021-05-28T05:03:45.000Z
(b)(6),ZMI,JAMAICA,OTHER,Deny/Referral,11/30/20,2021-05-28T05:03:45.000Z
(b)(6),ZMI,MEXICO,OTHER,Admin Close/Dismissal,9/25/18,2021-05-28T05:04:18.000Z
(b)(6),ZMI,VENEZUELA,OTHER,Deny/Referral,8/10/18,2021-05-28T05:03:46.000Z
(b)(6),ZMI,VENEZUELA,OTHER,Admin Close/Dismissal,8/1/18,2021-05-28T05:04:36.000Z
(b)(6),ZMI,VENEZUELA,OTHER,Admin Close/Dismissal,5/16/19,2021-05-28T05:04:36.000Z
(b)(6),ZHN,VENEZUELA,OTHER,Grant,10/16/18,2021-05-28T05:04:16.000Z
(b)(6),ZMI,HAITI,OTHER,Deny/Referral,8/13/18,2021-05-28T05:04:15.000Z
(b)(6),ZMI,VENEZUELA,OTHER,Deny/Referral,8/27/18,2021-05-28T05:04:15.000Z
(b)(6),ZOL,NIGERIA,OTHER,Grant,8/21/18,2021-05-28T05:04:26.000Z
(b)(6),ZCH,HAITI,OTHER,Deny/Referral,8/5/20,2021-05-28T05:03:46.000Z
(b)(6),ZMI,VENEZUELA,OTHER,Deny/Referral,8/29/18,2021-05-28T05:03:46.000Z
(b)(6),ZHN,VENEZUELA,OTHER,Deny/Referral,9/6/18,2021-05-28T05:03:46.000Z
(b)(6),ZMI,COLOMBIA,OTHER,Grant,9/21/18,2021-05-28T05:04:27.000Z
(b)(6),ZOL,"CHINA, PEOPLE'S REPUBLIC OF",OTHER,Grant,1/16/19,2021-05-28T05:04:17.000Z
(b)(6),ZMI,VENEZUELA,OTHER,Deny/Referral,9/20/18,2021-05-28T05:03:47.000Z
(b)(6),ZHN,NIGERIA,OTHER,Admin Close/Dismissal,4/24/19,2021-05-28T05:04:18.000Z
(b)(6),ZHN,GABON,OTHER,Deny/Referral,2/27/19,2021-05-28T05:04:36.000Z
(b)(6),ZHN,GABON,OTHER,Deny/Referral,2/27/19,2021-05-28T05:04:36.000Z
(b)(6),ZMI,VENEZUELA,OTHER,Deny/Referral,9/27/18,2021-05-28T05:03:51.000Z
(b)(6),ZHN,VENEZUELA,OTHER,Deny/Referral,10/18/18,2021-05-28T05:03:51.000Z
(b)(6),ZMI,VENEZUELA,OTHER,Deny/Referral,10/3/18,2021-05-28T05:03:50.000Z
(b)(6),ZCH,IRAQ,OTHER,Deny/Referral,10/11/18,2021-05-28T05:04:20.000Z
(b)(6),ZCH,RUSSIA,OTHER,Deny/Referral,8/5/19,2021-05-28T05:03:49.000Z
(b)(6),ZCH,NIGERIA,OTHER,Grant,10/5/18,2021-05-28T05:04:17.000Z
(b)(6),ZCH,EL SALVADOR,OTHER,Deny/Referral,4/16/19,2021-05-28T05:03:57.000Z
(b)(6),ZMI,VENEZUELA,OTHER,Deny/Referral,10/22/19,2021-05-28T05:03:57.000Z
(b)(6),ZOL,VENEZUELA,OTHER,Grant,10/7/20,2021-05-28T05:04:38.000Z
(b)(6),ZMI,VENEZUELA,OTHER,Grant,10/11/18,2021-05-28T05:04:20.000Z
(b)(6),ZOL,VENEZUELA,OTHER,Deny/Referral,11/2/18,2021-05-28T05:03:46.000Z
(b)(6),ZHN,VENEZUELA,OTHER,Grant,12/9/18,2021-05-28T05:03:50.000Z
(b)(6),ZMI,VENEZUELA,OTHER,Deny/Referral,10/26/18,2021-05-28T05:03:45.000Z
(b)(6),ZMI,VENEZUELA,OTHER,Deny/Referral,1/8/21,2021-05-28T05:03:45.000Z
(b)(6),ZOL,VENEZUELA,OTHER,Deny/Referral,11/19/18,2021-05-28T05:03:49.000Z
(b)(6),ZMI,VENEZUELA,OTHER,Deny/Referral,12/3/18,2021-05-28T05:03:54.000Z
(b)(6),ZMI,VENEZUELA,OTHER,Grant,1/23/20,2021-05-28T05:04:21.000Z
(b)(6),ZMI,VENEZUELA,OTHER,Grant,3/7/19,2021-05-28T05:03:51.000Z
(b)(6),ZMI,VENEZUELA,OTHER,Deny/Referral,11/13/18,2021-05-28T05:03:46.000Z
(b)(6),ZMI,GUATEMALA,OTHER,Deny/Referral,11/2/18,2021-05-28T05:04:08.000Z
(b)(6),ZHN,VENEZUELA,OTHER,Deny/Referral,11/26/18,2021-05-28T05:03:45.000Z
(b)(6),ZHN,VENEZUELA,OTHER,Deny/Referral,11/19/18,2021-05-28T05:04:08.000Z
(b)(6),ZCH,CAMEROON,OTHER,Deny/Referral,2/4/20,2021-05-28T05:04:08.000Z
(b)(6),ZCH,EGYPT,OTHER,Grant,7/16/18,2021-05-28T05:04:22.000Z
(b)(6),ZMI,VENEZUELA,OTHER,Admin Close/Dismissal,5/8/20,2021-05-28T05:04:45.000Z
(b)(6),ZCH,NIGERIA,OTHER,Deny/Referral,5/25/21,2021-05-28T05:04:12.000Z
(b)(6),ZCH,JORDAN,OTHER,Deny/Referral,10/15/20,2021-05-28T05:04:12.000Z
(b)(6),ZOL,VENEZUELA,OTHER,Admin Close/Dismissal,4/16/20,2021-05-28T05:03:45.000Z
(b)(6),ZHN,"CHINA, PEOPLE'S REPUBLIC OF",OTHER,Admin Close/Dismissal,7/22/20,2021-05-28T05:04:36.000Z
(b)(6),ZMI,MEXICO,OTHER,Deny/Referral,8/13/18,2021-05-28T05:03:52.000Z
(b)(6),ZCH,BELARUS,OTHER,Grant,3/15/19,2021-05-28T05:04:17.000Z
(b)(6),ZCH,SERBIA AND MONTENEGRO,OTHER,Deny/Referral,5/18/18,2021-05-28T05:04:13.000Z
(b)(6),ZCH,VENEZUELA,OTHER,Grant,3/2/18,2021-05-28T05:04:16.000Z
(b)(6),ZCH,DEM REP OF THE CONGO,OTHER,Deny/Referral,2/8/19,2021-05-28T05:04:13.000Z
(b)(6),ZCH,NIGER,OTHER,Deny/Referral,2/4/21,2021-05-28T05:03:46.000Z
(b)(6),ZMI,ISRAEL,OTHER,Admin Close/Dismissal,7/9/20,2021-05-28T05:03:46.000Z
(b)(6),ZHN,ETHIOPIA,OTHER,Grant,6/8/20,2021-05-28T05:04:25.000Z
(b)(6),ZMI,MEXICO,OTHER,Deny/Referral,10/5/18,2021-05-28T05:03:46.000Z
(b)(6),ZMI,VENEZUELA,OTHER,Admin Close/Dismissal,11/15/19,2021-05-28T05:04:30.000Z
(b)(6),ZMI,GUATEMALA,OTHER,Admin Close/Dismissal,9/19/18,2021-05-28T05:04:45.000Z
(b)(6),ZMI,VENEZUELA,OTHER,Grant,2/26/18,2021-05-28T05:04:22.000Z
(b)(6),ZOL,"CHINA, PEOPLE'S REPUBLIC OF",OTHER,Grant,5/23/18,2021-05-28T05:04:26.000Z
(b)(6),ZMI,VENEZUELA,OTHER,Deny/Referral,5/29/18,2021-05-28T05:03:53.000Z
(b)(6),ZHN,CAMEROON,OTHER,Grant,6/26/18,2021-05-28T05:04:25.000Z
(b)(6),ZMI,MEXICO,OTHER,Deny/Referral,7/31/18,2021-05-28T05:03:59.000Z
(b)(6),ZHN,VENEZUELA,OTHER,Grant,4/24/18,2021-05-28T05:04:22.000Z
(b)(6),ZOL,VENEZUELA,OTHER,Grant,4/12/18,2021-05-28T05:04:21.000Z
(b)(6),ZMI,VENEZUELA,OTHER,Admin Close/Dismissal,1/31/19,2021-05-28T05:04:36.000Z
(b)(6),ZHN,VENEZUELA,OTHER,Admin Close/Dismissal,3/12/18,2021-05-28T05:04:27.000Z
(b)(6),ZCH,VENEZUELA,OTHER,Grant,9/12/18,2021-05-28T05:04:23.000Z
(b)(6),ZCH,NIGERIA,OTHER,Grant,8/15/18,2021-05-28T05:04:27.000Z
(b)(6),ZCH,ROMANIA,OTHER,Admin Close/Dismissal,11/25/20,2021-05-28T05:04:38.000Z
(b)(6),ZCH,NIGERIA,OTHER,Deny/Referral,10/3/19,2021-05-28T05:03:53.000Z
(b)(6),ZCH,GUATEMALA,OTHER,Deny/Referral,3/23/20,2021-05-28T05:04:00.000Z
(b)(6),ZMI,MEXICO,OTHER,Deny/Referral,9/13/18,2021-05-28T05:04:00.000Z
(b)(6),ZMI,ARGENTINA,OTHER,Deny/Referral,4/25/18,2021-05-28T05:04:00.000Z
(b)(6),ZMI,VENEZUELA,OTHER,Deny/Referral,4/18/18,2021-05-28T05:03:54.000Z
(b)(6),ZHN,MEXICO,OTHER,Deny/Referral,4/10/18,2021-05-28T05:04:00.000Z
(b)(6),ZMI,VENEZUELA,OTHER,Admin Close/Dismissal,1/2/20,2021-05-28T05:04:40.000Z
(b)(6),ZMI,MEXICO,OTHER,Deny/Referral,5/15/18,2021-05-28T05:04:00.000Z
(b)(6),ZOL,PERU,OTHER,Deny/Referral,4/17/18,2021-05-28T05:03:54.000Z
(b)(6),ZOL,VENEZUELA,OTHER,Grant,11/19/18,2021-05-28T05:04:19.000Z
(b)(6),ZLA,"CHINA, PEOPLE'S REPUBLIC OF",CHINESE,Deny/Referral,11/28/18,2021-05-28T05:03:54.000Z
(b)(6),ZLA,MEXICO,OTHER,Admin Close/Dismissal,10/26/18,2021-05-28T05:04:18.000Z
(b)(6),ZNY,NICARAGUA,OTHER,Deny/Referral,1/24/19,2021-05-28T05:03:54.000Z
(b)(6),ZNK,NORTH MACEDONIA,OTHER,Deny/Referral,8/23/18,2021-05-28T05:03:54.000Z
(b)(6),ZNK,GUATEMALA,OTHER,Deny/Referral,1/29/16,2021-05-28T05:03:55.000Z
(b)(6),ZNK,JORDAN,OTHER,Deny/Referral,8/9/16,2021-05-28T05:03:56.000Z
(b)(6),ZNY,"CHINA, PEOPLE'S REPUBLIC OF",OTHER,Admin Close/Dismissal,11/23/18,2021-05-28T05:04:18.000Z
(b)(6),ZNK,MEXICO,OTHER,Deny/Referral,7/28/17,2021-05-28T05:04:04.000Z
(b)(6),ZNK,ALBANIA,OTHER,Grant,11/29/16,2021-05-28T05:04:27.000Z
(b)(6),ZBO,GUATEMALA,OTHER,Deny/Referral,1/7/16,2021-05-28T05:04:06.000Z
(b)(6),ZNY,ST. VINCENT-GRENADINES,OTHER,Deny/Referral,1/3/20,2021-05-28T05:04:06.000Z
(b)(6),ZNY,ECUADOR,OTHER,Deny/Referral,9/23/19,2021-05-28T05:04:06.000Z
(b)(6),ZNY,INDIA,OTHER,Deny/Referral,10/21/15,2021-05-28T05:04:06.000Z
(b)(6),ZNY,JAMAICA,OTHER,Admin Close/Dismissal,3/25/20,2021-05-28T05:04:25.000Z
(b)(6),ZNK,BRAZIL,OTHER,Deny/Referral,8/9/19,2021-05-28T05:04:07.000Z
(b)(6),ZNY,ECUADOR,OTHER,Deny/Referral,7/13/17,2021-05-28T05:04:07.000Z
(b)(6),ZNY,UKRAINE,OTHER,Deny/Referral,7/5/18,2021-05-28T05:04:41.000Z
(b)(6),ZNK,CAMEROON,OTHER,Grant,8/25/17,2021-05-28T05:04:28.000Z
(b)(6),ZNY,ECUADOR,OTHER,Deny/Referral,3/21/17,2021-05-28T05:03:47.000Z
(b)(6),ZNK,MEXICO,OTHER,Admin Close/Dismissal,11/14/16,2021-05-28T05:04:33.000Z
(b)(6),ZNY,ECUADOR,OTHER,Deny/Referral,7/29/16,2021-05-28T05:04:08.000Z
(b)(6),ZNY,MEXICO,OTHER,Deny/Referral,7/11/19,2021-05-28T05:03:47.000Z
(b)(6),ZNY,MEXICO,OTHER,Deny/Referral,7/10/17,2021-05-28T05:03:47.000Z
(b)(6),ZNY,INDIA,OTHER,Deny/Referral,8/1/18,2021-05-28T05:03:47.000Z
(b)(6),ZNK,SENEGAL,OTHER,Deny/Referral,10/2/17,2021-05-28T05:03:48.000Z
(b)(6),ZNY,MEXICO,OTHER,Deny/Referral,9/26/16,2021-05-28T05:04:17.000Z
(b)(6),ZNK,LIBERIA,OTHER,Admin Close/Dismissal,10/9/19,2021-05-28T05:04:34.000Z
(b)(6),ZNY,ECUADOR,OTHER,Deny/Referral,6/30/17,2021-05-28T05:03:49.000Z
(b)(6),ZNY,HONDURAS,OTHER,Deny/Referral,7/26/19,2021-05-28T05:03:49.000Z
(b)(6),ZNK,EL SALVADOR,OTHER,Deny/Referral,11/16/18,2021-05-28T05:04:17.000Z
(b)(6),ZNY,EL SALVADOR,OTHER,Deny/Referral,8/7/20,2021-05-28T05:03:49.000Z
(b)(6),ZNY,EL SALVADOR,OTHER,Deny/Referral,6/21/18,2021-05-28T05:03:49.000Z
(b)(6),ZAR,EL SALVADOR,OTHER,Admin Close/Dismissal,10/20/20,2021-05-28T05:04:08.000Z
(b)(6),ZNY,EL SALVADOR,OTHER,Deny/Referral,7/11/17,2021-05-28T05:04:17.000Z
(b)(6),ZNY,EL SALVADOR,OTHER,Deny/Referral,12/30/15,2021-05-28T05:03:49.000Z
(b)(6),ZNK,"CHINA, PEOPLE'S REPUBLIC OF",OTHER,Deny/Referral,7/5/17,2021-05-28T05:03:50.000Z
(b)(6),ZNY,DOMINICAN REPUBLIC,OTHER,Admin Close/Dismissal,10/3/19,2021-05-28T05:03:51.000Z
(b)(6),ZNY,GUATEMALA,OTHER,Deny/Referral,2/5/20,2021-05-28T05:04:19.000Z
(b)(6),ZNK,MEXICO,OTHER,Deny/Referral,10/20/15,2021-05-28T05:03:51.000Z
(b)(6),ZBO,BRAZIL,UNKNOWN,Admin Close/Dismissal,10/19/17,2021-05-28T05:04:36.000Z
(b)(6),ZNY,INDIA,OTHER,Deny/Referral,5/5/17,2021-05-28T05:03:51.000Z
(b)(6),ZNY,"CHINA, PEOPLE'S REPUBLIC OF",OTHER,Deny/Referral,2/14/17,2021-05-28T05:03:52.000Z
(b)(6),ZNK,COSTA RICA,OTHER,Deny/Referral,10/16/20,2021-05-28T05:03:52.000Z
(b)(6),ZNK,MEXICO,OTHER,Deny/Referral,9/6/18,2021-05-28T05:03:52.000Z
(b)(6),ZNK,PERU,OTHER,Admin Close/Dismissal,8/24/16,2021-05-28T05:03:46.000Z
(b)(6),ZNY,ECUADOR,OTHER,Deny/Referral,9/6/16,2021-05-28T05:03:52.000Z
(b)(6),ZNY,HONDURAS,OTHER,Deny/Referral,8/13/19,2021-05-28T05:04:09.000Z
(b)(6),ZNK,EL SALVADOR,OTHER,Admin Close/Dismissal,5/8/20,2021-05-28T05:04:10.000Z
(b)(6),ZNY,MEXICO,OTHER,Deny/Referral,2/29/16,2021-05-28T05:04:10.000Z
(b)(6),ZNY,ECUADOR,OTHER,Deny/Referral,3/4/16,2021-05-28T05:04:10.000Z
(b)(6),ZNY,"CHINA, PEOPLE'S REPUBLIC OF",OTHER,Deny/Referral,2/12/16,2021-05-28T05:04:18.000Z
(b)(6),ZNY,BANGLADESH,OTHER,Deny/Referral,11/17/15,2021-05-28T05:04:10.000Z
(b)(6),ZNY,MEXICO,OTHER,Deny/Referral,3/23/16,2021-05-28T05:04:10.000Z
(b)(6),ZNY,MEXICO,OTHER,Deny/Referral,4/20/16,2021-05-28T05:04:10.000Z
(b)(6),ZNK,EGYPT,OTHER,Grant,3/15/17,2021-05-28T05:04:29.000Z
(b)(6),ZNK,EGYPT,OTHER,Grant,3/15/17,2021-05-28T05:04:29.000Z
(b)(6),ZNY,MEXICO,OTHER,Deny/Referral,5/5/16,2021-05-28T05:04:10.000Z
(b)(6),ZNK,GUATEMALA,OTHER,Deny/Referral,5/26/17,2021-05-28T05:04:10.000Z
(b)(6),ZNY,ECUADOR,OTHER,Deny/Referral,5/26/16,2021-05-28T05:04:10.000Z
(b)(6),ZNY,"CHINA, PEOPLE'S REPUBLIC OF",OTHER,Deny/Referral,6/8/16,2021-05-28T05:04:10.000Z
(b)(6),ZNY,"CHINA, PEOPLE'S REPUBLIC OF",OTHER,Deny/Referral,11/22/16,2021-05-28T05:04:10.000Z
(b)(6),ZNK,GUATEMALA,OTHER,Deny/Referral,7/11/17,2021-05-28T05:04:10.000Z
(b)(6),ZNK,INDIA,INDIAN,Deny/Referral,6/14/17,2021-05-28T05:04:10.000Z
(b)(6),ZNK,BURKINA FASO,OTHER,Deny/Referral,8/15/18,2021-05-28T05:04:10.000Z
(b)(6),ZNK,ECUADOR,OTHER,Deny/Referral,6/5/17,2021-05-28T05:04:10.000Z
(b)(6),ZNY,"CHINA, PEOPLE'S REPUBLIC OF",OTHER,Grant,12/20/16,2021-05-28T05:04:25.000Z
(b)(6),ZNY,"CHINA, PEOPLE'S REPUBLIC OF",OTHER,Deny/Referral,11/20/15,2021-05-28T05:04:10.000Z
(b)(6),ZNY,MEXICO,OTHER,Deny/Referral,8/15/16,2021-05-28T05:04:10.000Z
(b)(6),ZNY,PAKISTAN,OTHER,Deny/Referral,2/10/17,2021-05-28T05:04:11.000Z
(b)(6),ZNY,GUATEMALA,OTHER,Deny/Referral,8/30/16,2021-05-28T05:04:10.000Z
(b)(6),ZNY,ECUADOR,OTHER,Deny/Referral,8/17/16,2021-05-28T05:04:10.000Z
(b)(6),ZNY,BRAZIL,OTHER,Grant,2/10/16,2021-05-28T05:04:16.000Z
(b)(6),ZNK,SYRIA,OTHER,Grant,10/25/16,2021-05-28T05:04:16.000Z
(b)(6),ZNK,SYRIA,OTHER,Grant,10/25/16,2021-05-28T05:04:16.000Z
(b)(6),ZNY,ECUADOR,OTHER,Admin Close/Dismissal,5/4/16,2021-05-28T05:04:18.000Z
(b)(6),ZBO,DJIBOUTI,UNKNOWN,Deny/Referral,7/9/19,2021-05-28T05:04:11.000Z
(b)(6),ZNY,"CHINA, PEOPLE'S REPUBLIC OF",OTHER,Admin Close/Dismissal,3/4/16,2021-05-28T05:04:08.000Z
(b)(6),ZBO,SYRIA,OTHER,Grant,11/15/18,2021-05-28T05:04:19.000Z
(b)(6),ZNK,MEXICO,OTHER,Deny/Referral,11/16/18,2021-05-28T05:04:14.000Z
(b)(6),ZNK,RUSSIA,OTHER,Deny/Referral,5/4/16,2021-05-28T05:04:13.000Z
(b)(6),ZNK,ECUADOR,OTHER,Grant,7/12/17,2021-05-28T05:04:29.000Z
(b)(6),ZBO,MEXICO,OTHER,Deny/Referral,5/18/17,2021-05-28T05:04:13.000Z
(b)(6),ZNK,PAKISTAN,INDIAN,Grant,2/3/16,2021-05-28T05:04:17.000Z
(b)(6),ZNK,RWANDA,OTHER,Deny/Referral,3/7/17,2021-05-28T05:04:13.000Z
(b)(6),ZBO,EGYPT,OTHER,Grant,12/15/16,2021-05-28T05:04:16.000Z
(b)(6),ZBO,EGYPT,OTHER,Grant,12/15/16,2021-05-28T05:04:16.000Z
(b)(6),ZBO,EGYPT,OTHER,Admin Close/Dismissal,3/9/17,2021-05-28T05:04:21.000Z
(b)(6),ZBO,GUATEMALA,OTHER,Admin Close/Dismissal,11/29/18,2021-05-28T05:04:45.000Z
(b)(6),ZNK,ECUADOR,OTHER,Deny/Referral,10/5/16,2021-05-28T05:04:14.000Z
(b)(6),ZNY,KAZAKHSTAN,OTHER,Deny/Referral,8/26/19,2021-05-28T05:04:14.000Z
(b)(6),ZNY,EL SALVADOR,OTHER,Deny/Referral,12/1/17,2021-05-28T05:04:14.000Z
(b)(6),ZNK,KYRGYZSTAN,OTHER,Admin Close/Dismissal,6/2/16,2021-05-28T05:03:50.000Z
(b)(6),ZNY,BELARUS,OTHER,Grant,5/24/18,2021-05-28T05:04:39.000Z
(b)(6),ZNK,POLAND,OTHER,Deny/Referral,11/3/16,2021-05-28T05:04:14.000Z
(b)(6),ZBO,GUATEMALA,OTHER,Admin Close/Dismissal,4/4/18,2021-05-28T05:04:16.000Z
(b)(6),ZNY,JAMAICA,OTHER,Grant,10/2/15,2021-05-28T05:04:24.000Z
(b)(6),ZNY,THE GAMBIA,OTHER,Grant,2/26/16,2021-05-28T05:04:26.000Z
(b)(6),ZBO,BRAZIL,OTHER,Deny/Referral,1/16/18,2021-05-28T05:04:14.000Z
(b)(6),ZNY,EGYPT,OTHER,Deny/Referral,10/16/15,2021-05-28T05:04:14.000Z
(b)(6),ZNK,KOSOVO,OTHER,Grant,1/4/16,2021-05-28T05:04:30.000Z
(b)(6),ZNK,KOSOVO,OTHER,Grant,1/4/16,2021-05-28T05:04:30.000Z
(b)(6),ZNY,INDONESIA,OTHER,Deny/Referral,3/3/16,2021-05-28T05:04:14.000Z
(b)(6),ZNY,INDIA,OTHER,Deny/Referral,11/9/15,2021-05-28T05:04:14.000Z
(b)(6),ZNY,KOSOVO,OTHER,Deny/Referral,10/30/15,2021-05-28T05:04:14.000Z
(b)(6),ZNY,EL SALVADOR,OTHER,Deny/Referral,5/24/17,2021-05-28T05:04:14.000Z
(b)(6),ZNY,NEPAL,OTHER,Deny/Referral,11/30/15,2021-05-28T05:04:14.000Z
(b)(6),ZNK,GUATEMALA,OTHER,Deny/Referral,12/29/16,2021-05-28T05:04:14.000Z
(b)(6),ZNY,INDIA,OTHER,Deny/Referral,1/4/17,2021-05-28T05:04:14.000Z
(b)(6),ZNY,GUATEMALA,OTHER,Deny/Referral,11/5/15,2021-05-28T05:04:14.000Z
(b)(6),ZNK,LIBYA,OTHER,Deny/Referral,2/22/18,2021-05-28T05:04:14.000Z
(b)(6),ZNK,LIBYA,OTHER,Deny/Referral,2/22/18,2021-05-28T05:04:14.000Z
(b)(6),ZNY,"CHINA, PEOPLE'S REPUBLIC OF",OTHER,Deny/Referral,11/20/15,2021-05-28T05:04:36.000Z
(b)(6),ZNK,MEXICO,OTHER,Deny/Referral,6/12/17,2021-05-28T05:04:14.000Z
(b)(6),ZNY,KYRGYZSTAN,OTHER,Deny/Referral,2/9/16,2021-05-28T05:04:14.000Z
(b)(6),ZNY,MEXICO,OTHER,Deny/Referral,1/15/16,2021-05-28T05:04:14.000Z
(b)(6),ZBO,TURKEY,OTHER,Deny/Referral,11/30/18,2021-05-28T05:04:14.000Z
(b)(6),ZNY,ECUADOR,OTHER,Deny/Referral,2/3/16,2021-05-28T05:04:14.000Z
(b)(6),ZNY,UKRAINE,OTHER,Grant,8/16/16,2021-05-28T05:03:50.000Z
(b)(6),ZNY,UKRAINE,OTHER,Grant,8/16/16,2021-05-28T05:03:50.000Z
(b)(6),ZNY,MEXICO,OTHER,Deny/Referral,2/10/16,2021-05-28T05:04:14.000Z
(b)(6),ZNY,SRI LANKA,OTHER,Deny/Referral,4/27/16,2021-05-28T05:04:14.000Z
(b)(6),ZNY,EL SALVADOR,OTHER,Deny/Referral,10/22/15,2021-05-28T05:04:14.000Z
(b)(6),ZNY,GUATEMALA,OTHER,Deny/Referral,2/7/17,2021-05-28T05:04:14.000Z
(b)(6),ZNY,GUATEMALA,OTHER,Grant,11/4/16,2021-05-28T05:04:25.000Z
(b)(6),ZNK,EL SALVADOR,OTHER,Deny/Referral,4/30/18,2021-05-28T05:04:14.000Z
(b)(6),ZNK,GUATEMALA,OTHER,Deny/Referral,12/20/16,2021-05-28T05:04:14.000Z
(b)(6),ZNY,EL SALVADOR,OTHER,Deny/Referral,7/26/17,2021-05-28T05:04:14.000Z
(b)(6),ZNY,HONDURAS,OTHER,Deny/Referral,6/29/16,2021-05-28T05:04:14.000Z
(b)(6),ZBO,EL SALVADOR,OTHER,Deny/Referral,5/26/16,2021-05-28T05:04:14.000Z
(b)(6),ZNY,EL SALVADOR,OTHER,Deny/Referral,2/23/16,2021-05-28T05:04:20.000Z
(b)(6),ZNK,UKRAINE,OTHER,Deny/Referral,5/11/17,2021-05-28T05:04:20.000Z
(b)(6),ZNK,HONDURAS,OTHER,Grant,11/16/15,2021-05-28T05:04:30.000Z
(b)(6),ZNY,GUATEMALA,OTHER,Deny/Referral,10/28/16,2021-05-28T05:04:14.000Z
(b)(6),ZBO,ECUADOR,OTHER,Grant,10/1/15,2021-05-28T05:04:17.000Z
(b)(6),ZNY,KYRGYZSTAN,OTHER,Admin Close/Dismissal,9/20/18,2021-05-28T05:04:17.000Z
(b)(6),ZNK,CONGO,OTHER,Deny/Referral,4/15/21,2021-05-28T05:04:14.000Z
(b)(6),ZNK,MEXICO,OTHER,Deny/Referral,5/8/19,2021-05-28T05:04:14.000Z
(b)(6),ZNY,"CHINA, PEOPLE'S REPUBLIC OF",OTHER,Deny/Referral,1/10/17,2021-05-28T05:04:14.000Z
(b)(6),ZNK,MEXICO,OTHER,Deny/Referral,4/25/19,2021-05-28T05:04:14.000Z
(b)(6),ZNK,"CHINA, PEOPLE'S REPUBLIC OF",OTHER,Deny/Referral,5/3/19,2021-05-28T05:04:20.000Z
(b)(6),ZNK,CHAD,OTHER,Deny/Referral,7/25/17,2021-05-28T05:04:20.000Z
(b)(6),ZNY,UZBEKISTAN,OTHER,Deny/Referral,1/27/17,2021-05-28T05:04:15.000Z
(b)(6),ZNY,BRAZIL,OTHER,Deny/Referral,9/21/16,2021-05-28T05:04:20.000Z
(b)(6),ZNY,"CHINA, PEOPLE'S REPUBLIC OF",OTHER,Deny/Referral,1/24/17,2021-05-28T05:04:15.000Z
(b)(6),ZNK,GUINEA,OTHER,Grant,9/18/17,2021-05-28T05:04:26.000Z
(b)(6),ZNK,YEMEN,OTHER,Grant,9/28/18,2021-05-28T05:04:39.000Z
(b)(6),ZNK,YEMEN,OTHER,Grant,9/28/18,2021-05-28T05:04:39.000Z
(b)(6),ZBO,BRAZIL,OTHER,Deny/Referral,2/27/20,2021-05-28T05:04:15.000Z
(b)(6),ZNY,EL SALVADOR,OTHER,Deny/Referral,3/7/17,2021-05-28T05:04:15.000Z
(b)(6),ZNY,MALAYSIA,OTHER,Deny/Referral,3/15/17,2021-05-28T05:04:15.000Z
(b)(6),ZNK,THE GAMBIA,OTHER,Grant,7/26/18,2021-05-28T05:04:30.000Z
(b)(6),ZNK,MEXICO,OTHER,Admin Close/Dismissal,11/13/17,2021-05-28T05:04:30.000Z
(b)(6),ZNY,"CHINA, PEOPLE'S REPUBLIC OF",OTHER,Deny/Referral,4/25/17,2021-05-28T05:04:15.000Z
(b)(6),ZNK,SYRIA,OTHER,Grant,9/14/18,2021-05-28T05:04:09.000Z
(b)(6),ZNY,UKRAINE,OTHER,Admin Close/Dismissal,2/20/18,2021-05-28T05:04:19.000Z
(b)(6),ZNK,MEXICO,OTHER,Deny/Referral,10/3/17,2021-05-28T05:04:15.000Z
(b)(6),ZNY,BANGLADESH,OTHER,Admin Close/Dismissal,6/2/18,2021-05-28T05:04:18.000Z
(b)(6),ZNY,ECUADOR,OTHER,Deny/Referral,6/9/17,2021-05-28T05:04:20.000Z
(b)(6),ZNY,JORDAN,OTHER,Grant,8/24/17,2021-05-28T05:04:09.000Z
(b)(6),ZNY,JORDAN,OTHER,Grant,8/24/17,2021-05-28T05:04:09.000Z
(b)(6),ZNY,BANGLADESH,OTHER,Grant,8/30/18,2021-05-28T05:04:18.000Z
(b)(6),ZNK,ECUADOR,OTHER,Admin Close/Dismissal,1/12/16,2021-05-28T05:04:21.000Z
(b)(6),ZNY,UKRAINE,OTHER,Admin Close/Dismissal,8/2/17,2021-05-28T05:04:37.000Z
(b)(6),ZNY,"CHINA, PEOPLE'S REPUBLIC OF",OTHER,Deny/Referral,7/3/17,2021-05-28T05:04:15.000Z
(b)(6),ZNK,MEXICO,OTHER,Deny/Referral,11/13/17,2021-05-28T05:04:15.000Z
(b)(6),ZNY,RUSSIA,OTHER,Deny/Referral,12/22/17,2021-05-28T05:04:15.000Z
(b)(6),ZNK,ECUADOR,OTHER,Deny/Referral,4/5/18,2021-05-28T05:04:15.000Z
(b)(6),ZNY,"CHINA, PEOPLE'S REPUBLIC OF",OTHER,Deny/Referral,11/8/17,2021-05-28T05:04:15.000Z
(b)(6),ZNY,"CHINA, PEOPLE'S REPUBLIC OF",OTHER,Deny/Referral,1/17/18,2021-05-28T05:04:15.000Z
(b)(6),ZNK,CHAD,OTHER,Grant,9/14/17,2021-05-28T05:04:30.000Z
(b)(6),ZNY,ECUADOR,OTHER,Deny/Referral,7/14/17,2021-05-28T05:04:20.000Z
(b)(6),ZNK,GERMANY,OTHER,Admin Close/Dismissal,9/7/18,2021-05-28T05:04:35.000Z
(b)(6),ZNK,BURKINA FASO,OTHER,Grant,10/20/17,2021-05-28T05:04:30.000Z
(b)(6),ZNY,"CHINA, PEOPLE'S REPUBLIC OF",OTHER,Admin Close/Dismissal,9/14/18,2021-05-28T05:04:28.000Z
(b)(6),ZNY,"CHINA, PEOPLE'S REPUBLIC OF",OTHER,Deny/Referral,12/1/17,2021-05-28T05:04:15.000Z
(b)(6),ZNK,"CHINA, PEOPLE'S REPUBLIC OF",OTHER,Deny/Referral,9/18/18,2021-05-28T05:04:15.000Z
(b)(6),ZNY,INDIA,OTHER,Admin Close/Dismissal,7/19/18,2021-05-28T05:04:24.000Z
(b)(6),ZNY,"CHINA, PEOPLE'S REPUBLIC OF",OTHER,Deny/Referral,12/20/17,2021-05-28T05:04:15.000Z
(b)(6),ZNY,"CHINA, PEOPLE'S REPUBLIC OF",OTHER,Deny/Referral,1/16/18,2021-05-28T05:04:15.000Z
(b)(6),ZNK,GUATEMALA,OTHER,Admin Close/Dismissal,6/22/18,2021-05-28T05:04:16.000Z
(b)(6),ZNY,ECUADOR,OTHER,Deny/Referral,1/11/17,2021-05-28T05:04:15.000Z
(b)(6),ZNK,GUATEMALA,OTHER,Admin Close/Dismissal,3/10/17,2021-05-28T05:04:14.000Z
(b)(6),ZNY,GUATEMALA,OTHER,Deny/Referral,11/10/16,2021-05-28T05:04:15.000Z
(b)(6),ZNK,EL SALVADOR,OTHER,Grant,4/18/17,2021-05-28T05:04:37.000Z
(b)(6),ZNK,EL SALVADOR,OTHER,Grant,4/18/17,2021-05-28T05:04:37.000Z
(b)(6),ZNY,GUATEMALA,OTHER,Admin Close/Dismissal,3/4/16,2021-05-28T05:04:22.000Z
(b)(6),ZBO,UGANDA,OTHER,Deny/Referral,10/30/19,2021-05-28T05:04:15.000Z
(b)(6),ZNY,"CHINA, PEOPLE'S REPUBLIC OF",OTHER,Deny/Referral,3/5/18,2021-05-28T05:04:15.000Z
(b)(6),ZNK,BURKINA FASO,OTHER,Deny/Referral,11/17/17,2021-05-28T05:04:20.000Z
(b)(6),ZNY,NEPAL,OTHER,Deny/Referral,2/23/18,2021-05-28T05:04:44.000Z